galaxy,npts,chi2,chi2_dof_like,median_abs_pull,p90_abs_pull,mean_pull,vobs_mean,vpred_mean,vpred_vobs_ratio,gbar_mean_si,gcos_mean_si,slope_mean,eta_linear,eta_amp,eta_g1,eta_vt,eta_s,A_eff,g1_eff,T,T_label,Vflat,SBeff,Q,xV,xS,xT,zV,zS,zT,uS
F583-4_rotmod,12,2.960711874208228,0.2691556249280207,0.21199014550116418,0.8693314274065261,0.3726620545339301,51.23333333333334,49.52342531958146,0.9666250875650252,4.5619309860464186e-12,1.8130399125317996e-11,-1.6721726152929122,-0.018043506074323288,-0.05412464459767809,-0.006487006859676202,-0.05412464459767809,-0.022891111132152968,0.7890751619640526,2.1870137496885484e-10,5.0,Sc,0.0,24.94,1.0,0.0,-1.388697245736201,0.6666666666666666,0.0,-0.3707915824776124,0.36363636363636365,0.7505902267076786
F571-V1_rotmod,7,1.9629122291899144,0.32715203819831906,0.42510427714844684,0.8076419806517615,0.3175592586938312,69.74285714285715,67.89449660273968,0.9734974932797578,4.2967428450656925e-12,1.7204179478821725e-11,-0.6234918363560649,-0.028562765722687067,-0.08566500236343429,-0.0517097545505348,-0.08566500236343429,-0.016316370586630144,0.7645758387101758,2.090313972965053e-10,7.0,Sd,83.6,15.3,2.0,-0.17912666589743548,-1.8773173575897015,0.0,-0.26951841529152687,-0.5320436416013651,0.0,0.3561739200489361
UGCA444_rotmod,36,11.58897382876296,0.331113537964656,0.41679769298290914,0.872657723123503,0.27045600471311027,26.235555555555557,24.965599442947585,0.9515940834598012,3.985415198477058e-12,1.1876297097633482e-11,-0.28452394640098916,-0.1314739210295131,-0.39216478862922016,-0.38389481748113913,-0.39216478862922016,-0.0039739340067949025,0.5627420961204318,1.4994962495383871e-10,10.0,Im,37.0,11.94,2.0,-0.9942522733438669,-2.1252760780236355,-1.0,-1.4959765804219856,-0.613873785874368,-0.5454545454545455,0.06699841149816577
NGC5005_rotmod,18,6.957831347621413,0.40928419691890666,0.3216988254533858,0.9239055076578447,-0.32165770211124983,252.27777777777777,258.20169783572817,1.0234817355303032,6.481282676796055e-10,9.92846859373514e-11,-1.2760930695433972,0.12664003971104623,0.37790204930271765,0.4294565856828545,0.37790204930271765,-0.024773281751183575,1.2154726257468418,3.3820452201786384e-10,4.0,Sbc,262.2,1789.91,1.0,0.9639373853415081,2.8847504322530524,1.0,1.4503640495729266,1.039511065564012,0.5454545454545455,0.9999923609938441
NGC3893_rotmod,10,5.443133153716237,0.6047925726351374,0.5890626770554053,1.0876133444567933,0.4434113234457203,178.6,175.98423353548736,0.9853540511505452,7.929649187993837e-11,7.11075105408027e-11,-1.5875022210904826,0.07027662564425205,0.2104834787460761,0.26203798026244723,0.2104834787460761,-0.02477326499824675,1.0281020401797472,2.860687600829327e-10,5.0,Sc,174.0,1573.37,1.0,0.5538851132264376,2.7558049087365863,0.6666666666666666,0.8333892512454487,0.9969570841019176,0.36363636363636365,0.9999895050169368
NGC3949_rotmod,7,3.822958743282338,0.6371597905470564,0.17297261903491057,1.2524965984253542,-0.3898527417014798,153.14285714285714,155.3379463158604,1.0143336046744615,1.1461166937013368e-10,8.781474472812522e-11,-1.1665971980984564,0.050841603220464875,0.15239352653492272,0.2039478163137249,0.15239352653492272,-0.024773163252894716,0.9700811713041515,2.699244318657225e-10,4.0,Sbc,163.0,1058.84,2.0,0.4885800148186709,2.3597590622685636,1.0,0.7351295837351046,0.8662559387722184,0.5454545454545455,0.9999721601727718
NGC7793_rotmod,46,41.29628388247256,0.9176951973882791,0.7968626364983034,1.515554468737966,0.4144157755638576,74.45652173913044,71.41709319665419,0.9591784779696622,5.1618337301328315e-11,5.874477235310979e-11,-0.6316410003274074,0.0,0.0,0.05154058790660938,0.0,-0.024766579150618077,0.8329605009523231,2.3176752211931816e-10,7.0,Sd,0.0,233.79,1.0,0.0,0.8492530905354878,0.0,0.0,0.3677660232901641,0.0,0.9988509012084098
NGC3769_rotmod,12,10.432170796696408,0.9483791633360371,0.5238060045055539,1.533150405287067,-0.5226499630372935,115.875,119.8546593502649,1.0343444172622644,2.62916256808899e-11,3.475617955070266e-11,-2.5735192676089595,-0.008886056252840977,-0.026657467119948153,0.02489592390469899,-0.026657467119948153,-0.024772731378389163,0.8110492308023034,2.2567369881858345e-10,3.0,Sb,118.6,626.37,2.0,0.17058630057553367,1.8347710648213025,1.3333333333333333,0.25666837023521105,0.6930019249689391,0.7272727272727273,0.9998985432365369
DDO064_rotmod,14,12.330534054503469,0.9485026195771898,0.7669098888630024,1.4539959264179345,0.7750622366301309,32.535,28.872190851090647,0.8874194206574658,5.156739141151862e-12,1.4594932700295267e-11,0.6007190321968086,-0.09641040659305752,-0.2883384075965593,-0.24816133768736842,-0.2883384075965593,-0.01930611625441492,0.6243104843037853,1.7174878963765985e-10,10.0,Im,46.1,17.41,1.0,-0.7743572359854884,-1.7481254322079938,-1.0,-1.1651170643227147,-0.48940834378085984,-0.5454545454545455,0.4866155187470992
UGC06923_rotmod,6,4.878749995725075,0.9757499991450149,0.480963339497884,1.4510635411116943,-0.4114571371510229,67.7,70.65510540316025,1.0436500059550997,2.0308961431681008e-11,3.845209880843927e-11,-0.6733395568867934,-0.009315527656625966,-0.027945774605245804,0.02357632995708652,-0.027945774605245804,-0.02475769742792925,0.810005022782246,2.2537609757107473e-10,10.0,Im,79.6,166.28,2.0,-0.22815609313775412,0.5085029283963454,-1.0,-0.3432893051043713,0.2553132937386561,-0.5454545454545455,0.9973419520677809
UGC05918_rotmod,8,7.7255618912687085,1.1036516987526725,0.7670322781305621,1.5268741492088955,-0.022621682209259142,35.2875,35.37640321108239,1.0025193967008825,2.2794260588460652e-12,1.4869170450943946e-11,0.11239745035319143,0.027065259111484934,0.08117595707508089,0.034056227854676935,0.08117595707508089,0.022642242758413995,0.9033970703443334,2.27750435742235e-10,10.0,Im,0.0,5.36,2.0,0.0,-2.926206210905381,-1.0,0.0,-0.8781928959730635,-0.5454545454545455,-0.7255972959851227
NGC2976_rotmod,27,29.932401192603383,1.1512461997155148,0.780364066909589,1.6292750038960815,-0.0065186744904758,51.159259259259265,50.967123637353566,0.9962443627079897,3.864650706620396e-11,4.595733509289483e-11,0.36763913435779877,-0.04320945413792648,-0.12954774810718836,-0.07800022584630364,-0.12954774810718836,-0.024769911286338566,0.7317496703752788,2.0360747449860988e-10,5.0,Sc,85.4,308.2,2.0,-0.15782408519356708,1.125578736897924,0.6666666666666666,-0.23746602507836953,0.45895768401739234,0.36363636363636365,0.9994180732755986
UGC04499_rotmod,9,11.403738899077936,1.425467362384742,0.6128619698740666,1.8247252846553312,-0.30343712320925526,60.888888888888886,61.9059937454241,1.0167042768409067,8.204668408804728e-12,2.2819394469727776e-11,-0.4211107572573804,-0.04159812969315433,-0.12472245728109085,-0.07490745967328631,-0.12472245728109085,-0.023937388595121754,0.7352891078868995,2.042381595863461e-10,8.0,Sdm,72.8,33.79,1.0,-0.3174542307854511,-1.0850052852618928,-0.3333333333333333,-0.47764949333604706,-0.270568622395089,-0.18181818181818182,0.8736626686179778
UGC05005_rotmod,11,15.713044329409051,1.5713044329409052,1.0726225416219173,1.9504977966867045,-1.081606538317315,69.67272727272729,80.89619022313242,1.1610883252276312,4.100475799091925e-12,1.9599019536501472e-11,-0.6493921228366021,0.02530152814203161,0.07588839136096812,0.1238097376446984,0.07588839136096812,-0.023027440391070634,0.8986329054861754,2.4913725242905416e-10,10.0,Im,98.9,25.63,1.0,-0.011060947359424835,-1.3614066456121117,-1.0,-0.01664257517996856,-0.36178526988839227,-0.5454545454545455,0.7648994999961161
UGC09992_rotmod,5,6.417484429024677,1.6043711072561693,0.8297824504703669,1.6384812255740349,-0.7239171452853601,32.02,36.117371042315135,1.127962868279673,5.971794087448733e-12,1.422708308628201e-11,-0.5624276203318794,-0.14684414908461882,-0.437393091939301,-0.3930282965039213,-0.437393091939301,-0.021318426162352907,0.5378572182110728,1.4858629863344984e-10,10.0,Im,33.6,20.18,2.0,-1.0906441190189327,-1.6004781710626284,-1.0,-1.6410101373366464,-0.44068250481905524,-0.5454545454545455,0.6128455220334711
UGC06930_rotmod,10,14.879638820722427,1.6532932023024918,1.1373959985272444,1.7657407390048576,-0.10605877256957301,97.56,98.48129818196186,1.009443400799117,9.97523194639903e-12,2.9066033158741644e-11,-0.9689038715658421,0.011086326143033242,0.033257615913128646,0.08457107974886287,0.033257615913128646,-0.024657440188359196,0.8611285867808278,2.3955075169741463e-10,7.0,Sd,107.2,73.93,1.0,0.0695260626486103,-0.3020514864190826,0.0,0.1046106347853435,-0.012181975592427141,0.0,0.9805896498622301
UGC05750_rotmod,11,16.974994873193427,1.6974994873193427,1.0105937113287604,1.5669680503369312,-1.0895133526589669,48.7,57.79283745098738,1.1867112412933754,2.9390987467648517e-12,1.5839051689976903e-11,0.10397368937181146,0.009021753037161644,0.02706452483661599,-0.015283036884507814,0.02706452483661599,0.02034909343879258,0.8558120190013347,2.1678610683486134e-10,8.0,Sdm,0.0,6.87,1.0,0.0,-2.6780060797538336,-0.3333333333333333,0.0,-0.7962830824961835,-0.18181818181818182,-0.546705653803296
UGC07690_rotmod,7,10.718176744624879,1.786362790770813,0.7219821383223087,2.0286246248609268,0.7644135712875368,56.47142857142857,53.17680607917929,0.9416585948754239,1.8997161743579525e-11,3.0492500787631316e-11,-1.0662932239152878,-0.06145272035099043,-0.1841264387635519,-0.13259714447794474,-0.1841264387635519,-0.024761152275027225,0.6928820512270903,1.9278914467792901e-10,10.0,Im,57.4,184.01,2.0,-0.5551258826625707,0.6098199179701915,-1.0,-0.8352561436508499,0.2887494393181505,-0.5454545454545455,0.9979284199377236
UGC01281_rotmod,25,44.25015407544058,1.843756419810024,1.2121901586389943,2.1586319260860547,0.9194199413699919,34.4312,30.07025815602609,0.8733433094410329,3.027121727952776e-12,1.21341217683751e-11,56.33068770166454,-0.08572796997838458,-0.2565557173073322,-0.2303617265695257,-0.2565557173073322,-0.012586886786272957,0.6444714386690319,1.7483322070465332e-10,8.0,Sdm,55.2,13.83,1.0,-0.5942072327050416,-1.9783300403114246,-0.3333333333333333,-0.8940589102748392,-0.5653793612971926,-0.18181818181818182,0.24311757281141574
F565-V2_rotmod,7,11.36906560921841,1.8948442682030684,1.305070983103538,1.6970617826463832,1.0233939012833635,60.47142857142857,54.065675113303215,0.8940697514602469,2.970063428587225e-12,1.701101391218404e-11,0.0794288836229076,0.027065259111484934,0.08117595707508089,0.03908199210512942,0.08117595707508089,0.02022723367224064,0.9033970703443334,2.288979368599338e-10,10.0,Im,0.0,6.93,2.0,0.0,-2.6693103727862795,-1.0,0.0,-0.7934133671078099,-0.5454545454545455,-0.5391527576518504
UGC07323_rotmod,10,17.382118460666167,1.931346495629574,1.259441265105401,1.703196872985175,-1.2401866806166102,60.1,64.89952245398628,1.0798589426620013,1.2774906628842274e-11,3.3281605704341716e-11,0.04849383642518739,0.009021753037161644,0.02706452483661599,0.07823773766586828,0.02706452483661599,-0.02459004596966532,0.8558120190013347,2.380383890508961e-10,8.0,Sdm,0.0,61.49,1.0,0.0,-0.48629562602271303,-0.3333333333333333,0.0,-0.07298534035748049,-0.18181818181818182,0.9696105384096502
UGC07608_rotmod,8,13.620835298896177,1.9458336141280252,1.415558697523764,1.5817874428670509,1.0776920282055964,49.225,42.015240331304554,0.8535345928147192,3.664877951081518e-12,1.888851886108273e-11,0.2893981675576013,0.027065259111484934,0.08117595707508089,0.11909606304913867,0.08117595707508089,-0.018221586989035757,0.9033970703443334,2.47965663904271e-10,10.0,Im,0.0,16.48,1.0,0.0,-1.8030226615067657,-1.0,0.0,-0.5075252633465241,-0.5454545454545455,0.433340359454008
NGC4183_rotmod,23,43.73536713224411,1.987971233283823,1.1988441519540936,1.8503110108764518,0.030769849655379978,101.89999999999999,101.54166915112697,0.996483504917831,1.062026318714217e-11,2.9187417637908415e-11,-1.0266758757161172,0.007043392062343086,0.021129826775707728,0.07252087871844788,0.021129826775707728,-0.024694723270903596,0.8507480744256317,2.3668143959663903e-10,6.0,Scd,110.6,86.46,1.0,0.10074990310014294,-0.14548830674860574,0.3333333333333333,0.15159079798801847,0.03948625191679133,0.18181818181818182,0.9867598332574488
UGC10310_rotmod,7,13.21681534315096,2.2028025571918266,1.108700314722542,1.9588026411389998,0.5739355231215032,62.74285714285714,59.838743395862345,0.9537140340870592,6.861419125868467e-12,2.1374295513332763e-11,-0.15519968529827896,-0.03567270089303835,-0.1069727307785488,-0.05817694346852474,-0.1069727307785488,-0.023447631812431494,0.7484568042485922,2.076839136724638e-10,9.0,Sm,71.4,28.37,1.0,-0.33687231664255257,-1.2598379371673314,-0.6666666666666666,-0.506866425957332,-0.3282660532578425,-0.36363636363636365,0.8120486098833412
NGC7814_rotmod,18,38.53215994051533,2.266597643559725,0.9501402904331097,2.2051369174339035,0.7685787486184097,224.61111111111111,223.4870557701192,0.9949955488157669,4.2952189133642265e-10,7.073047969014156e-11,-1.795071736845148,0.07981596724595982,0.2389407194254096,0.2904953154623424,0.2389407194254096,-0.02477331041780961,1.057779250411163,2.943264533891668e-10,2.0,Sab,218.9,2709.13,1.0,0.7834448185407259,3.2992126431331306,1.6666666666666667,1.1787904659731476,1.1762898908970014,0.9090909090909092,0.9999972480052931
UGCA281_rotmod,7,13.647913269590681,2.274652211598447,1.482549930301824,1.8371479780389697,-1.2944951155086195,22.114285714285717,24.21413861919658,1.0949545887233594,7.910720847939019e-12,2.8059532559809694e-11,-0.4464076327329517,0.036087012148646576,0.10821406579165052,0.12293326756038123,0.10821406579165052,-0.007072955324059056,0.9281564333591221,2.4891898674605454e-10,11.0,BCD,0.0,12.5,3.0,0.0,-2.0794415416798357,-1.3333333333333333,0.0,-0.5987476926474969,-0.7272727272727273,0.12292614428881844
UGC02023_rotmod,5,9.158775008528371,2.289693752132093,1.1690262896635861,1.7622578583170183,-1.277487483266835,37.48,48.581366229588795,1.2961944031373747,7.937335271324936e-12,2.7638113311129357e-11,0.0719846228752492,0.027065259111484934,0.08117595707508089,0.12975709021898432,0.08117595707508089,-0.02334448496038415,0.9033970703443334,2.5062337437375934e-10,10.0,Im,0.0,27.59,2.0,0.0,-1.2877167977588968,-1.0,0.0,-0.3374665007370937,-0.5454545454545455,0.8000236554982879
UGC07261_rotmod,7,14.50514572771521,2.417524287952535,1.3852298556415898,1.88415488613647,1.2954815115730347,67.2,59.86757464449663,0.8908865274478664,9.85801802981911e-12,2.504723149303658e-11,-0.644439169836188,-0.037489891516180124,-0.11241701241349705,-0.062051661026714215,-0.11241701241349705,-0.024201847752099274,0.7443930667179686,2.0688075417854853e-10,8.0,Sdm,74.7,39.16,2.0,-0.29169009384931976,-0.9375143683257818,-0.3333333333333333,-0.4388841351824153,-0.22189437939723014,-0.18181818181818182,0.9104253610894215
NGC4138_rotmod,7,15.25582080436888,2.542636800728147,0.40461327566602834,2.4041495133995716,0.8090121088135851,165.57142857142858,157.88203839195094,0.9535584717374086,7.673810325650401e-11,4.794531808726203e-11,-1.770086637956269,-0.001394901978666395,-0.004184703221868638,0.04736984685165424,-0.004184703221868638,-0.024773288331208024,0.8294820915918097,2.3080289280746343e-10,0.0,S0,147.3,1909.11,2.0,0.3873011374804933,2.9492222578690983,2.3333333333333335,0.5827428780152537,1.0607877473539176,1.272727272727273,0.9999934827353952
F568-3_rotmod,18,48.68460880593249,2.863800517996029,0.9438094886144249,3.008296786235228,0.6071983002210595,74.81666666666666,68.78941714152488,0.9194397479375124,5.555391134312673e-12,2.1422901575256634e-11,-0.046695222417143724,0.0,0.0,0.047097781392197405,0.0,-0.02263169626202077,0.8329605009523231,2.3074010785358377e-10,7.0,Sd,0.0,23.81,1.0,0.0,-1.43506452548932,0.0,0.0,-0.3860934891220103,0.0,0.7245688416210545
NGC0100_rotmod,21,57.28220618214834,2.864110309107417,1.3729946674467648,2.355379965702493,0.902176008218751,67.34333333333333,61.97251864626743,0.920247269904481,8.117158851068152e-12,2.3087658951049536e-11,-0.7193165767856972,-0.029224414452397582,-0.08764829229065914,-0.036425927576859696,-0.08764829229065914,-0.024613664715366187,0.7630609658632465,2.122507362462783e-10,6.0,Scd,88.1,64.99,1.0,-0.12669765304595768,-0.43093677408183395,0.3333333333333333,-0.19063242482084902,-0.05471607830780427,0.18181818181818182,0.9734330122544089
NGC2683_rotmod,11,29.046743135103902,2.90467431351039,1.17487833560034,2.778498898186979,0.4268588906138064,177.63636363636363,176.88825354499608,0.9957885307036627,5.118487893501825e-11,4.820199650346587e-11,-2.0628303651686983,0.03276315006338237,0.09825429653232035,0.14980864271889474,0.09825429653232035,-0.024773190358281204,0.9189580921614492,2.556994839859865e-10,3.0,Sb,154.0,1139.8,2.0,0.43178241642553783,2.4334379014128076,1.3333333333333333,0.6496705113262715,0.8905710748823326,0.7272727272727273,0.9999767808585985
UGC05829_rotmod,11,29.7213685451524,2.9721368545152402,1.0260804407247173,2.6630148580617155,-0.8628450200503905,46.36363636363637,50.72963216509133,1.0941685368941267,3.854992220191788e-12,1.8589803487904594e-11,0.9243531470658986,0.027065259111484934,0.08117595707508089,0.07129715271230173,0.08117595707508089,0.004747019778035289,0.9033970703443334,2.3639198350742636e-10,10.0,Im,0.0,10.59,2.0,0.0,-2.245260026374776,-1.0,0.0,-0.6534703114042469,-0.5454545454545455,-0.08050458775778359
NGC4010_rotmod,12,32.98459482136501,2.9985995292150007,1.200065408910027,2.8134206114106513,-0.9891747006926584,98.8,104.503769775445,1.0577304633142206,2.3408999736477296e-11,4.7774922741865454e-11,-0.5675173815895652,0.0365987730804222,0.10974732252738612,0.14125502019896075,0.10974732252738612,-0.015140259743461911,0.9295806270106324,2.535216545651109e-10,7.0,Sd,125.8,14.75,2.0,0.2295231582782488,-1.9139271032022627,0.0,0.3453462251526536,-0.5441254137609856,0.0,0.3161886500770102
UGC07524_rotmod,31,90.15825604495639,3.0052752014985464,1.464440642012054,2.2891195284373778,0.4480566627256266,62.73870967741935,61.01809906307819,0.9725749760683963,5.024584508115671e-12,1.9267264087651876e-11,0.05146964495170225,-0.018537727845071742,-0.05560681396965075,-0.006491489380880129,-0.05560681396965075,-0.02360117769980068,0.7879064852291844,2.1870039463750142e-10,9.0,Sm,79.5,29.71,1.0,-0.2294131643278051,-1.213686496513575,-0.6666666666666666,-0.34518072553222184,-0.3130353767948623,-0.36363636363636365,0.8305346221007107
UGC07866_rotmod,7,19.390227236369224,3.2317045393948707,1.6838994270282892,2.258034343393854,-1.5346806834255062,24.771428571428572,31.01757895297038,1.25215139948554,4.413955308939449e-12,2.076058831699772e-11,-0.013112791299133167,0.027065259111484934,0.08117595707508089,0.12709159584916874,0.08117595707508089,-0.022063646305513093,0.9033970703443334,2.499562287119226e-10,10.0,Im,0.0,21.92,2.0,0.0,-1.5177707239082765,-1.0,0.0,-0.4133877909197083,-0.5454545454545455,0.6725213281250535
NGC2366_rotmod,26,90.36141191039103,3.6144564764156413,1.3111629824460396,2.78783415659362,-1.486304715612412,40.492692307692316,44.19671093372202,1.0914737552614169,5.991811987819538e-12,1.7191699245283078e-11,-0.3687582368217115,-0.08282445084752135,-0.2479067406559855,-0.1983607541602953,-0.2479067406559855,-0.02380812183136951,0.6500696315165577,1.8051853642423356e-10,10.0,Im,50.2,31.98,3.0,-0.6891551592904078,-1.140059478582283,-1.0,-1.0369199107869382,-0.2887373424721942,-0.5454545454545455,0.8566287218285992
F563-1_rotmod,17,57.92820839143118,3.6205130244644486,1.3417409854078124,2.5422468507406646,1.4435109890822082,88.95294117647059,71.58652084099748,0.804768452782011,3.307140945658262e-12,1.81905005456962e-11,-0.642032590750245,0.03309623070702066,0.09925245569437366,0.12791324776077878,0.09925245569437366,-0.013772248320454311,0.9198758165419869,2.501616901223838e-10,9.0,Sm,109.9,14.22,1.0,0.0944006754214843,-1.9505207616129967,-0.6666666666666666,0.1420375928652424,-0.5562018768996361,-0.36363636363636365,0.27506585446444837
NGC2955_rotmod,24,86.82493404813584,3.7749971325276452,1.2996959440288216,2.52613810049882,0.4606978594468456,252.125,250.25445055421258,0.9925808648654937,2.644726392030805e-10,4.7781833133819005e-11,-1.4004480590912045,-0.036087012148646576,-0.10821406579165052,-0.05665985299989385,-0.10821406579165052,-0.024773126258637684,0.7475282950264173,2.0799922807814763e-10,3.0,Sb,0.0,974.61,1.0,0.0,2.276867204988416,1.3333333333333333,0.0,0.8389003667301417,0.7272727272727273,0.9999658537822114
UGC06917_rotmod,11,38.331642683485704,3.8331642683485705,1.3314508736030868,2.7733431074352786,1.4992298688760046,94.17272727272729,88.16911397917907,0.9362489176281201,1.2107117464925354e-11,3.4209569182348626e-11,-0.501639454289081,0.03134555598156852,0.09400588166001078,0.1450092948653297,0.09400588166001078,-0.02450845287970075,0.9150622583544903,2.5447523336856874e-10,9.0,Sm,108.7,53.07,1.0,0.08342160813907236,-0.6335583891482879,-0.6666666666666666,0.12551821647586095,-0.12158428913217215,-0.36363636363636365,0.9566101475096335
UGC01230_rotmod,11,38.50959539117784,3.8509595391177838,2.0588814906704456,2.69160589667373,0.004084172278580086,91.88181818181819,91.2684870237938,0.993324782093333,5.747244284926285e-12,2.281361227494914e-11,-0.9926246239056524,0.023836838843329548,0.07149697563759642,0.12035932564042726,0.07149697563759642,-0.023479616899657597,0.8946952870032688,2.482791075905634e-10,9.0,Sm,103.7,28.63,1.0,0.036331929247390204,-1.2507150668780678,-0.6666666666666666,0.0546659200414486,-0.3252553674846304,-0.36363636363636365,0.8158406338214711
NGC3917_rotmod,17,64.58860333754981,4.036787708596863,1.4556122824933209,3.3713870817470233,0.838253554562681,114.8529411764706,111.40755422614768,0.9700017525452038,1.7100185759707837e-11,4.1697010051581175e-11,-0.720343008507288,0.03989114130815003,0.11960998540509564,0.17108013090427315,0.11960998540509564,-0.02473272976065026,0.9387941274924708,2.6119685387371624e-10,6.0,Scd,135.9,112.94,1.0,0.30674913516900665,0.12168651825659924,0.3333333333333333,0.4615423414966866,0.12765800259379723,0.18181818181818182,0.9931220467991373
F567-2_rotmod,5,16.702924183256513,4.175731045814128,1.432416851987179,2.6330310301437767,-1.3809585469833454,44.31999999999999,55.91333238473929,1.2615824094029626,2.723928691640027e-12,1.5846946011785724e-11,0.2910216653892213,0.018043506074323288,0.05412464459767809,0.05673015354510438,0.05412464459767809,-0.0012520141153803503,0.8792865744497395,2.329734212281196e-10,9.0,Sm,0.0,11.5,3.0,0.0,-2.162823150618887,-0.6666666666666666,0.0,-0.6262648901764124,-0.36363636363636365,0.020851091563662136
NGC3521_rotmod,41,175.23734951619778,4.380933737904945,0.9542068010270738,4.003812278730095,1.4541522362797865,207.4390243902439,194.0421973880669,0.9354180003422391,3.0182682358251497e-10,9.509478888934135e-11,-1.4035710347037986,0.09402586483454417,0.2812492538651791,0.3328038293985688,0.2812492538651791,-0.024773300565329365,1.103492552930273,3.07046146594191e-10,4.0,Sbc,213.7,2232.7,1.0,0.7594029763370106,3.1057967084163,1.0,1.1426165151045233,1.1124596944236615,0.5454545454545455,0.9999955683753616
UGC06399_rotmod,9,35.937106955419964,4.4921383694274954,1.7186300771005614,2.734481351483978,1.7226686125357107,68.75555555555556,60.98380209595843,0.8869654474202099,6.987719631080771e-12,2.3428751182706426e-11,-0.3707036461121972,-0.007871061617149056,-0.023612697222841872,0.025728300526956897,-0.023612697222841872,-0.02370961946253147,0.8135224523699186,2.2586162253054057e-10,9.0,Sm,85.0,30.82,1.0,-0.16251892949777494,-1.1770063560961215,-0.6666666666666666,-0.24453000402628935,-0.3009303732803198,-0.36363636363636365,0.8440334264762323
UGC06818_rotmod,8,33.16477975430458,4.737825679186369,1.546130921776348,3.3076256433019178,-0.7414247505382892,51.587500000000006,54.75665913248497,1.0614326945962678,7.240063496146396e-12,2.1606361415902896e-11,-0.592673340237545,-0.03611998221815031,-0.10831284718635484,-0.05723829218146641,-0.10831284718635484,-0.024542638345593153,0.7474544567858358,2.0787894796560906e-10,9.0,Sm,71.2,56.08,2.0,-0.3396773675701612,-0.5783909432617568,-0.6666666666666666,-0.5110869750142434,-0.10337819398791716,-0.36363636363636365,0.9620187656651106
NGC3953_rotmod,8,33.55689088826798,4.793841555466854,1.918916409705575,2.767181352742689,-0.5911769226585295,213.625,217.8667670275424,1.0198561358808305,8.306102455129467e-11,9.795631377392549e-11,-0.9985188245018857,0.09923753878586142,0.29673915076374274,0.34829232858403014,0.29673915076374274,-0.024772628928206412,1.12071860929283,3.118388506710032e-10,4.0,Sbc,220.8,587.26,1.0,0.792087128414849,1.770297465928723,1.0,1.1917938993260893,0.6717246579708412,0.5454545454545455,0.9998810811067884
KK98-251_rotmod,15,67.8313493218811,4.845096380134365,2.004901118055912,2.8104181137776516,-2.0652480235377464,21.583333333333332,25.713829380408825,1.1913743342274359,3.837614729486803e-12,1.1235715892596125e-11,0.3445934825217556,-0.14637028339308789,-0.4360016176782465,-0.4731213969259248,-0.4360016176782465,0.017837009396495532,0.538606153627673,1.3714967183089495e-10,10.0,Im,33.7,7.89,2.0,-1.0876723486297752,-2.5395740511303084,-1.0,-1.6365387380512124,-0.7505984102473374,-0.5454545454545455,-0.4162692330537653
UGC12506_rotmod,31,147.47743577586402,4.915914525862134,1.6545751023415436,3.4889838335180055,1.0699721941521905,228.8709677419355,213.42086333731464,0.9324942584153282,1.9770938391618426e-11,5.6102664573184e-11,-0.7787884548665533,0.12653964818052552,0.3776056499339832,0.4291145462011377,0.3776056499339832,-0.02475135050211304,1.2151124138137883,3.3808886249962696e-10,6.0,Scd,234.0,144.82,2.0,0.85015092936961,0.3703214059725833,0.3333333333333333,1.2791581314504694,0.20971129234095817,0.18181818181818182,0.9962661662729719
F563-V2_rotmod,10,45.945178707508944,5.105019856389883,1.5606576035390347,2.734523372491992,1.6454324514105092,86.15,65.7074179045917,0.7627094359209714,6.612904313360308e-12,2.689046121105037e-11,-0.5965262961005052,0.05155431821623998,0.15452607663976564,0.20151157526648342,0.15452607663976564,-0.022577741503034703,0.9721521254295892,2.692676312722981e-10,10.0,Im,116.6,23.6,1.0,0.15357908792830058,-1.443923473956527,-1.0,0.23107889711995275,-0.3890170766849321,-0.5454545454545455,0.7193449700791347
NGC3972_rotmod,10,46.25636403729338,5.1395960041437085,2.00143516153458,2.8699434345725425,1.7173392181810088,105.1,96.49921172560008,0.918165668178878,2.4575845560489337e-11,4.658023525734859e-11,-0.5147227152637941,0.01804806453948255,0.05413831554072494,0.10565967017038513,0.05413831554072494,-0.024757337065976923,0.8792985952085879,2.446561833541226e-10,4.0,Sbc,132.7,164.75,1.0,0.28292075535007044,0.49925898739452523,1.0,0.42568957141586844,0.2522626527912182,0.5454545454545455,0.9972808156450542
UGC07089_rotmod,12,56.956928460155495,5.177902587286863,2.018061960354989,2.755385023851071,-2.054936158717703,59.791666666666664,69.7026481790402,1.1657585758167002,7.47875765443845e-12,2.540126994185793e-11,-0.5582723512088885,0.009021753037161644,0.02706452483661599,0.07728103864119763,0.02706452483661599,-0.024130327462752715,0.8558120190013347,2.3781076685658396e-10,8.0,Sdm,0.0,37.4,2.0,0.0,-0.9834994815676051,-0.3333333333333333,0.0,-0.23707016528773442,-0.18181818181818182,0.9002177949707323
NGC3992_rotmod,9,41.70005570200739,5.212506962750924,1.4855612398106939,2.9026400082307493,0.4024474378698602,253.66666666666666,251.103958456161,0.9898973395118043,2.8799758104416087e-11,6.284959219540165e-11,-1.7187700068436256,0.11319622896149015,0.33814565547711534,0.3896954526149197,0.33814565547711534,-0.024771004423254094,1.1680977835717237,3.250209605163293e-10,4.0,Sbc,241.0,360.44,1.0,0.8796267475025636,1.2821553213787453,1.0,1.3235081770051813,0.5106303353176456,0.5454545454545455,0.9996042657658821
UGC12732_rotmod,16,81.51473618475836,5.434315745650557,2.387881676346952,2.903530626143455,0.7738988041187734,75.75,72.52761876779527,0.9574603137662743,4.067541212745575e-12,1.9358350902017235e-11,0.15075362783423066,0.018043506074323288,0.05412464459767809,0.1024756950144913,0.05412464459767809,-0.023233924287657727,0.8792865744497395,2.4387844295468343e-10,9.0,Sm,0.0,26.84,1.0,0.0,-1.3152768738846103,-0.6666666666666666,0.0,-0.34656174450023036,-0.36363636363636365,0.7874688575648428
UGC05999_rotmod,5,21.778192671445588,5.444548167861397,0.7797977638103049,3.2745041598559284,-1.3637391022154648,83.24,90.05869551107733,1.0819160921561428,5.322520666992197e-12,2.2728424333115242e-11,0.270077100526361,0.027065259111484934,0.08117595707508089,0.1277862479137442,0.08117595707508089,-0.022397444502976854,0.9033970703443334,2.5012992164334313e-10,10.0,Im,0.0,22.95,2.0,0.0,-1.4718522494815374,-1.0,0.0,-0.39823399685043537,-0.5454545454545455,0.7023319798978185
NGC4100_rotmod,24,126.93349795279106,5.518847737077872,1.4995448605968829,3.7022271371845203,1.652856104716471,175.29166666666666,166.53004798210645,0.9500169126623615,3.635248810938522e-11,5.5793956264078585e-11,-1.5170578071931253,0.046075449514142115,0.1381286157946387,0.18967921512610197,0.1381286157946387,-0.02477138989795576,0.956341282121774,2.6610033493337074e-10,4.0,Sbc,158.2,388.0,1.0,0.458689869345462,1.355835153635182,1.0,0.6901561310087242,0.534945799169869,0.5454545454545455,0.9996699380662992
UGC12632_rotmod,15,77.36775104292005,5.526267931637146,2.114880336824606,3.5403985012121257,1.0214282442069413,60.186666666666675,56.36430911049895,0.9364916223498938,3.819570835595915e-12,1.60268161605461e-11,0.006535453155493605,-0.03500412260601923,-0.10496949867640157,-0.08451478716706182,-0.10496949867640157,-0.00982901538719464,0.7499576397049199,2.0228537225447242e-10,9.0,Sm,71.7,13.09,1.0,-0.33267943838251657,-2.033321606066283,-0.6666666666666666,-0.500557717544246,-0.5835274133263502,-0.36363636363636365,0.17842416760770238
F579-V1_rotmod,14,73.72645226637083,5.671265558951602,1.6547303794599661,3.821625524503813,1.8891705815655997,100.55714285714285,80.55599520513418,0.8010966990139783,9.99280076720851e-12,2.8495471844692832e-11,-0.3428814627485786,0.00016970502339588162,0.0005091150653001751,0.05159462766300982,0.0005091150653001751,-0.024547903750993624,0.8333846816613903,2.3178004711817592e-10,5.0,Sc,112.1,56.6,1.0,0.11422114409002286,-0.569161200778954,0.6666666666666666,0.1718599606244826,-0.10033223876743261,0.36363636363636365,0.9628566934651326
NGC1003_rotmod,36,207.89380754820093,5.939823072805741,1.883820209307795,3.780754909257979,0.34760049958971184,99.03055555555555,97.77952375282966,0.9873672141319648,7.33145110373841e-12,2.1994273862565384e-11,-0.8565131122811726,0.005885813927023807,0.01765723788278929,0.06916290501633722,0.01765723788278929,-0.024749798820296775,0.8477988997110313,2.358880024627762e-10,6.0,Scd,109.8,140.87,1.0,0.09349034308733876,0.34266729328412415,0.3333333333333333,0.14066788430254284,0.20058501508368612,0.18181818181818182,0.9960034789760808
UGC05253_rotmod,73,433.7704458775526,6.024589526077119,0.9641696533577715,3.3127188863427097,-1.2016372483526863,241.78082191780823,244.54277190228834,1.0114233625420423,7.107968453846789e-10,6.31396310160806e-11,-1.5684097369528627,0.07598235876022089,0.2275094165689595,0.27906389940236753,0.2275094165689595,-0.024773256020602062,1.0457563053319194,2.909810430623659e-10,2.0,Sab,213.7,1488.78,2.0,0.7594029763370106,2.7005420856118882,1.6666666666666667,1.1426165151045233,0.9787195130202732,0.9090909090909092,0.9999879745482981
UGC08699_rotmod,41,247.14029925433226,6.178507481358307,1.3570566148372638,4.366916333294929,1.5463193403773117,184.17073170731706,179.69140600881605,0.9756784063516698,4.0853740315577413e-10,5.825759703940425e-11,-2.0678211677921223,0.05072918851647907,0.15205715073524473,0.20361172375746478,0.15205715073524473,-0.02477329935864771,0.9697549143499498,2.698337275168018e-10,2.0,Sab,182.4,2191.95,2.0,0.6010318916521397,3.0873766516006795,1.6666666666666667,0.9043274610520875,1.106380795871107,0.9090909090909092,0.999995362663183
F583-1_rotmod,25,171.67399608428644,7.1530831701786015,1.5836467090057236,4.12441564540702,1.5551439691775297,53.263999999999996,45.00748948018752,0.8449889133408592,2.380985992224521e-12,1.3697782101671557e-11,0.3229763617936198,-0.006377320596732048,-0.019131702427396598,-0.02073272960092205,-0.019131702427396598,0.0007693347675284017,0.8171760219446617,2.156079025091606e-10,9.0,Sm,85.8,11.19,1.0,-0.15315117949417478,-2.1901496636642577,-0.6666666666666666,-0.23043505549828433,-0.635283054575178,-0.36363636363636365,-0.01280185962107138
UGC06628_rotmod,7,43.21301076545235,7.202168460908726,2.058700019683473,3.778445249957354,-2.08918267195979,39.10000000000001,56.37754069710747,1.4418808362431574,7.88799261906756e-12,1.7739902285816793e-11,-0.009641791255269634,-0.12104552010481007,-0.36137333240086883,-0.3114374825751562,-0.36137333240086883,-0.023995461196578523,0.5803392758130264,1.6121787950356257e-10,9.0,Sm,41.8,34.74,2.0,-0.8722738464573808,-1.0572784251751324,-0.6666666666666666,-1.3124448200919911,-0.26141833739133374,-0.36363636363636365,0.8815092244067845
NGC4559_rotmod,32,231.01909792433287,7.45222896530106,2.7068561926941292,3.4548264039430325,-2.560264760885607,110.490625,123.63208182690074,1.1189373019376145,2.1660546871712163e-11,4.136336288419043e-11,-0.9866662720389376,0.021637093061543086,0.06490115137758865,0.11643775775443459,0.06490115137758865,-0.02476466592308165,0.8888134532189547,2.4730737082665346e-10,6.0,Scd,121.2,211.27,1.0,0.1922718876471227,0.747966750324052,0.3333333333333333,0.28929704130949785,0.3343399924658335,0.18181818181818182,0.998525507862601
NGC2903_rotmod,34,254.76932105952193,7.72028245634915,1.2055274937205844,3.555868654912499,0.5973421268241365,182.7058823529412,182.9699831176847,1.001445496780631,2.0822120280274424e-10,6.557217515130901e-11,-1.4991145371775627,0.07068444780793612,0.21170088771372558,0.263254306497331,0.21170088771372558,-0.024772744717283128,1.0293544229994804,2.864169247187682e-10,4.0,Sbc,184.6,632.16,1.0,0.6130211360806603,1.8439723406749893,1.0,0.9223667749796289,0.6960384857694031,0.5454545454545455,0.9999008168259028
UGC04278_rotmod,25,188.02015328681384,7.834173053617243,0.9829852323307868,5.434978817885916,1.8130517670725919,56.8812,48.17796556775201,0.8469927773632063,5.083570332864195e-12,1.9224570325084793e-11,1.1845553842656562,-0.014339006093451885,-0.04301407032140514,0.006843040514100611,-0.04301407032140514,-0.02395762508503219,0.7978911246746183,2.2163619182454796e-10,7.0,Sd,91.4,34.11,1.0,-0.08992470752798701,-1.0755795895575369,0.0,-0.13530294078255428,-0.26745799963493333,0.0,0.8763829982802177
NGC4013_rotmod,36,286.093654532015,8.174104415200429,1.7890761613276487,4.886857782571648,-2.1030404608103335,178.41666666666666,189.12304802694365,1.0600077423275684,3.390762461609592e-11,5.127233642717661e-11,-1.925841384793076,0.051221866502668585,0.1535313506300355,0.20508517541286334,0.1535313506300355,-0.02477293981035997,0.9711855812280362,2.7023160752578765e-10,3.0,Sb,172.9,746.16,2.0,0.5475432067011535,2.0097698684305167,1.3333333333333333,0.8238470617112548,0.7507541884178076,0.7272727272727273,0.9999340711398332
UGC05414_rotmod,6,41.56531015388588,8.313062030777177,2.5400905567615952,3.0189779760850906,-2.6113341763177007,45.18333333333333,51.58512457468063,1.141684793242655,9.064476217166518e-12,2.9587125781825995e-11,-0.1339253527146285,0.027065259111484934,0.08117595707508089,0.13086117185488258,0.08117595707508089,-0.023875024605639363,0.9033970703443334,2.509002358496434e-10,10.0,Im,0.0,32.87,1.0,0.0,-1.1126097983119634,-1.0,0.0,-0.27967853101826695,-0.5454545454545455,0.8653715451859161
UGC07151_rotmod,11,83.69977472683394,8.369977472683393,1.1401304306673703,5.147831292009529,1.9438946947375213,62.30909090909092,57.83061230731652,0.9281247962948375,1.3458881176436868e-11,2.7676321025900286e-11,-0.36311174056001955,-0.05811573237336461,-0.17415117962741916,-0.12281660270175968,-0.17415117962741916,-0.02466758557152199,0.6998283170402335,1.9468397810539654e-10,6.0,Scd,73.5,76.71,1.0,-0.3078847797693004,-0.2651381080168866,0.3333333333333333,-0.46325106047201103,0.0,0.18181818181818182,0.9822617790886962
NGC3198_rotmod,43,353.53415638363555,8.417479913896084,0.7901653015762946,5.446955276767455,-1.1802780619971283,125.67209302325581,130.06714541709164,1.03497238160124,3.090302228766707e-11,4.95799722770825e-11,-0.8664777396837383,0.04671648001067992,0.14004757353337074,0.19157507982522165,0.14004757353337074,-0.024760293098004146,0.9581782225678173,2.666053036897637e-10,5.0,Sc,150.1,178.99,1.0,0.40613155265132483,0.5821597523703173,0.6666666666666666,0.6110755867758241,0.2796211645081668,0.36363636363636365,0.9977825146418242
NGC4085_rotmod,7,52.40745099123465,8.734575165205774,2.2007738108059067,4.384381071750879,-2.3227689522945627,108.58571428571429,122.48428430655824,1.1279963033099694,8.442005410791717e-11,7.588152522691415e-11,-0.8382447309114613,0.025621307801809327,0.07684710867691352,0.12840116561652354,0.07684710867691352,-0.024773051367669562,0.8994948535295797,2.502837782598869e-10,5.0,Sc,131.5,856.7,2.0,0.27383666562972786,2.147917612981907,0.6666666666666666,0.4120214251712738,0.796345042604532,0.36363636363636365,0.9999530873799906
UGC06983_rotmod,17,141.62811314705155,8.851757071690722,3.091282671380271,4.32978086598564,2.238439590438369,101.16470588235295,90.94651513700136,0.8989945094365758,9.209513694817261e-12,2.713707743085162e-11,-0.8213133715581131,0.004719770794155927,0.014159207244674885,0.065175177190781,0.014159207244674885,-0.024514486716861156,0.8448384540683836,2.3494921836342103e-10,6.0,Scd,109.0,53.56,1.0,0.08617769624105241,-0.6243676651651194,0.3333333333333333,0.12966509485339306,-0.1185512106092637,0.18181818181818182,0.9575608251990009
UGC03205_rotmod,48,421.0084502380459,8.957626600809487,1.7284643912787823,5.329704173998376,1.3570314334057532,215.125,204.15805287956186,0.9490205828219029,1.4930523928702472e-10,8.035776750574458e-11,-2.703943287189619,0.08032506223482352,0.240458254197847,0.2920114320181344,0.240458254197847,-0.024772628928206412,1.0593856858077217,2.9477302503975294e-10,2.0,Sab,219.6,587.26,1.0,0.7866375236472841,1.770297465928723,1.6666666666666667,1.1835942891030071,0.6717246579708412,0.9090909090909092,0.9998810811067884
ESO079-G014_rotmod,15,126.96703766604776,9.069074119003412,3.036402842937263,3.87890221692731,1.6379721260997386,119.38666666666667,114.37909822618283,0.9580558819481474,2.189114335586984e-11,5.053969530804026e-11,-0.3038008956650601,0.062168661284647715,0.18626607644065074,0.2377834319509282,0.18626607644065074,-0.024755415386175657,1.0035031423873968,2.792137600393867e-10,4.0,Sbc,175.0,157.34,1.0,0.5596157879354227,0.4532388829130052,1.0,0.8420117662594961,0.2370753192600919,0.5454545454545455,0.9969549113552847
NGC4157_rotmod,17,149.2107980842882,9.325674880268013,2.7459429277019862,4.448141348571093,-2.6249951732126,180.78823529411764,200.43311735203193,1.1086623918085974,6.146040943757475e-11,6.539031437692053e-11,-1.6138485494006591,0.06174905041212069,0.18501206403267725,0.2365661078376709,0.18501206403267725,-0.024773045056148305,1.0022455256936769,2.788740731929799e-10,3.0,Sb,184.7,848.85,1.0,0.6135627012171029,2.1387123062685514,1.3333333333333333,0.9231816272888586,0.7933071515591479,0.7272727272727273,0.9999520114904075
UGC07559_rotmod,7,56.66191494685553,9.443652491142588,2.6683924823697356,3.4677202902753765,-2.7852534306952625,23.65857142857143,32.65494000971713,1.3802583181451595,4.608683454460432e-12,2.1195532154478552e-11,-0.07224818016055619,0.027065259111484934,0.08117595707508089,0.12232382991665347,0.08117595707508089,-0.019772612052019117,0.9033970703443334,2.4876733236193205e-10,10.0,Im,0.0,17.9,2.0,0.0,-1.720369473141382,-1.0,0.0,-0.4802484556717358,-0.5454545454545455,0.512269399795158
NGC5033_rotmod,22,207.72360340863858,9.891600162316124,1.1171652920229227,5.96936544285794,-2.008299054357027,211.54545454545453,220.63648240325372,1.0429743474154667,2.0026560971416312e-10,5.7004801068845185e-11,-1.767181055088703,0.08779016313085578,0.2626959601006605,0.3142505218560904,0.2626959601006605,-0.02477329394466507,1.0832078869821893,3.0140194620493755e-10,5.0,Sc,194.2,2036.24,1.0,0.6637183698691331,3.0136900629277683,0.6666666666666666,0.9986470878067369,1.082063102298816,0.36363636363636365,0.9999944397014184
NGC4051_rotmod,7,61.37637820653816,10.22939636775636,1.5449870376635164,4.721328836693925,-2.3468588372454406,143.57142857142858,160.64948764067648,1.1189516552086918,7.389990606442625e-11,7.348449918853139e-11,-0.6072312443815909,0.04486131404529426,0.13449372968084639,0.18604186836165604,0.13449372968084639,-0.024770207491979234,0.9528714006078626,2.651341939012552e-10,4.0,Sbc,157.0,319.76,2.0,0.45107561936021673,1.1624005284149768,1.0,0.6786995420113502,0.47110943454650384,0.5454545454545455,0.9994685193878892
UGC02885_rotmod,19,185.4464775596992,10.302582086649956,3.096955407462667,3.541656582963468,-2.159124737715503,285.8421052631579,307.43335264031293,1.0755355735897525,1.1031640589368397e-10,7.168903721754848e-11,-1.3920867063358882,0.15145551597689372,0.45092392852126206,0.5024752722403626,0.45092392852126206,-0.02477174759537608,1.3075496281508867,3.638237306068012e-10,5.0,Sc,289.5,421.53,1.0,1.0629851110249586,1.4387207632982673,0.6666666666666666,1.5993937092871235,0.5622993094034129,0.36363636363636365,0.9997308849907707
F574-1_rotmod,14,134.1770688696872,10.321312989975938,3.0452987904174216,4.361306451710399,2.5794126885286466,80.74285714285715,68.86054809751984,0.8528376445198848,5.741963701918043e-12,2.1419693139126256e-11,-0.11757086988634177,-0.003547188876303993,-0.010641521996459036,0.0385316555714114,-0.010641521996459036,-0.023628977545401414,0.8241435296603546,2.2877200061962259e-10,7.0,Sd,97.8,29.98,1.0,-0.022245608947319737,-1.2046396933136396,0.0,-0.03347129385029471,-0.31004979431659885,0.0,0.8339593230998303
NGC3741_rotmod,21,207.67163140097762,10.38358157004888,3.2779485157583816,4.464855110676718,2.683486399510019,36.180952380952384,29.93116005768225,0.8272629128867165,2.460194712716273e-12,1.0514304093711467e-11,-0.7729590863710813,-0.08314240845606166,-0.24885407490555217,-0.19823982690872502,-0.24885407490555217,-0.02432144897985695,0.649454089897882,1.8054036735465143e-10,10.0,Im,50.1,42.94,1.0,-0.6911491778972723,-0.8453663935374564,-1.0,-1.0399201605392094,-0.19148414797565455,-0.5454545454545455,0.927960047604072
NGC4214_rotmod,14,139.89561567358706,10.761201205660543,3.040382631931522,4.238363767669916,3.0349977980501466,75.22142857142856,55.72928262226207,0.7408697718276224,2.1336968673497013e-11,3.4523990317599224e-11,-1.452192547280116,-0.008317054213513662,-0.024950587337617906,0.02659931805789067,-0.024950587337617906,-0.02477105644386753,0.8124347764803953,2.2605843766560312e-10,10.0,Im,80.1,363.77,2.0,-0.22189433191377791,1.2913516138039804,-1.0,-0.3338677041742991,0.5136652515110215,-0.5454545454545455,0.9996131279250489
NGC2915_rotmod,30,319.73775287031384,11.025439754148753,3.38125050274817,4.100256393464961,2.733438718268529,74.11666666666669,54.98937315566595,0.7419299278929516,9.117970916372253e-12,2.2304749038482754e-11,-1.05016985185626,0.007333395789353773,0.021999792996098146,0.07354913088836157,0.021999792996098146,-0.024770783743950628,0.8514885185464308,2.369249329653211e-10,11.0,BCD,83.5,347.4,2.0,-0.18032355413128162,1.245306667818913,-1.3333333333333333,-0.27131928295381,0.49846971990637845,-0.7272727272727273,0.9995666727240335
NGC0289_rotmod,28,298.59807048097576,11.059187795591695,2.572772720913504,4.68683030007759,-2.2696966832209076,173.03571428571428,186.81520091350538,1.079633772049154,4.521292190204894e-11,4.3739104859379964e-11,-1.538107675608162,0.050841603220464875,0.15239352653492272,0.2039480309255665,0.15239352653492272,-0.02477326637940873,0.9700811713041515,2.699244897947081e-10,4.0,Sbc,163.0,1587.93,2.0,0.4885800148186709,2.7650163742428773,1.0,0.7351295837351046,0.9999970076425233,0.5454545454545455,0.9999897404716167
NGC0300_rotmod,25,265.81639380884934,11.075683075368723,1.6540382181067468,4.300240869626793,2.378220135582567,80.664,69.95492087202996,0.867238431915476,7.1672160788675354e-12,2.2913291331828664e-11,-1.0862020455822445,-0.011058264411331866,-0.03317344103793141,0.01833748519597435,-0.03317344103793141,-0.024752325953388644,0.805781635562372,2.2419847456845278e-10,7.0,Sd,93.3,147.51,2.0,-0.0693500781347933,0.3887257841038662,0.0,-0.10434584412984743,0.21578501668951985,0.0,0.9964313663303147
UGC04483_rotmod,8,77.53786542972776,11.076837918532537,2.5890802419318057,4.184143593976589,-2.832327319879892,18.27625,22.902019147536386,1.2531027507030372,5.780120441225904e-12,2.3570305506839925e-11,-0.287061829613099,0.027065259111484934,0.08117595707508089,0.1302912816638515,0.08117595707508089,-0.02360117769980068,0.9033970703443334,2.5075729100160746e-10,10.0,Im,0.0,29.71,2.0,0.0,-1.213686496513575,-1.0,0.0,-0.3130353767948623,-0.5454545454545455,0.8305346221007107
F568-1_rotmod,12,126.1498984156576,11.4681725832416,3.3043927435348737,4.5039576759679685,2.8835374294079323,100.88333333333333,67.60407145504672,0.6701213096485715,6.448209080849074e-12,2.180355867210715e-11,0.28815308634209186,-0.018043506074323288,-0.05412464459767809,-0.009571753851611561,-0.05412464459767809,-0.021408810800735888,0.7890751619640526,2.1802777603557415e-10,5.0,Sc,0.0,20.36,1.0,0.0,-1.5915979943057694,0.6666666666666666,0.0,-0.43775191159808746,0.36363636363636365,0.619629229906761
UGC06446_rotmod,17,199.71575542698903,12.482234714186815,3.371769552759396,4.990742785154274,2.9065848581826335,72.96470588235293,60.740570347068385,0.8324650886005827,6.01694005815125e-12,2.0165234230497556e-11,-0.4696574892540916,-0.03125568814496071,-0.09373654211630246,-0.04355277538763424,-0.09373654211630246,-0.024114591649862287,0.7584293735230146,2.1074343508421269e-10,7.0,Sd,82.2,37.05,1.0,-0.19601488392595706,-0.9929018342459954,0.0,-0.2949288461580911,-0.24017308449473734,0.0,0.8979990284809354
NGC3109_rotmod,25,304.35583142261066,12.681492975942112,2.3270175621146683,5.039558899765821,2.5414640319611808,45.764,38.247229732131714,0.8357492730559328,2.6691577586870797e-12,1.2710605729628979e-11,-0.08171211064020756,-0.047730326444282004,-0.14308233986305335,-0.14181935430770976,-0.14308233986305335,-0.0006068970687564399,0.7219124588093586,1.9101937586557103e-10,9.0,Sm,66.2,11.4,1.0,-0.4124897230451288,-2.1715568305876416,-0.6666666666666666,-0.6206422473291598,-0.6291471372319978,-0.36363636363636365,0.010096942572882519
F568-V1_rotmod,15,187.56126713841542,13.397233367029672,1.8239619446495376,6.325502228772429,2.714799396025652,94.81333333333333,67.30838369878205,0.7099042015762416,5.436592706957151e-12,2.229672631445645e-11,-0.2620066197960169,0.01849744591067813,0.055486009595164906,0.1049313243530092,0.055486009595164906,-0.02375974647003081,0.8804844195821746,2.444780539240688e-10,7.0,Sd,112.3,31.39,1.0,0.11600367575630613,-1.1586808151342292,0.0,0.17454200189118443,-0.2948826663952054,0.0,0.8504024973250637
NGC5585_rotmod,24,314.7099492124135,13.683041270104935,2.6820239691427123,5.217259667515391,-0.605642218215284,62.1875,62.668182030969795,1.0077295602970018,1.6918977724820126e-11,3.33777907589244e-11,-0.6823089100919506,-0.016269698438050217,-0.04880478913068867,0.00260391037407047,-0.04880478913068867,-0.02470320337870428,0.7932841133584273,2.2069863577871622e-10,7.0,Sd,90.3,90.54,1.0,-0.10203272556515161,-0.09937844398027873,0.0,-0.15352096442157154,0.05470320704600563,0.0,0.9881730141654559
NGC3877_rotmod,13,164.23502904513316,13.686252420427763,3.3665082565124873,4.866558054197931,-2.128767778413259,144.06923076923078,156.72919444338007,1.0878741672080414,6.954571025548895e-11,8.280171236961525e-11,-0.6005557933184034,0.06506032025010576,0.19490603595767647,0.24645927819702687,0.19490603595767647,-0.02477265988322433,1.0122109322198054,2.8164671439951005e-10,5.0,Sc,168.4,598.18,2.0,0.5211719158201351,1.7887215260146039,0.6666666666666666,0.7841681647037393,0.6778048776633921,0.36363636363636365,0.9998863571793124
D564-8_rotmod,6,73.58292634041194,14.716585268082389,3.1199216819832842,4.578150630623482,-3.385717838924006,19.05666666666667,24.789875218884315,1.3008505449825598,1.3320706258022078e-12,1.1271242653052623e-11,-0.6985519085149147,0.027065259111484934,0.08117595707508089,0.0649398295986838,0.08117595707508089,0.007801877172459415,0.9033970703443334,2.348939301368448e-10,10.0,Im,0.0,10.11,2.0,0.0,-2.2916451529557116,-1.0,0.0,-0.6687781077729202,-0.5454545454545455,-0.13694355748414924
NGC0247_rotmod,26,375.2516490289585,15.010065961158341,0.3491862586700235,6.787226229861352,2.0220084161257517,85.17307692307692,82.25841372428545,0.9657795244215045,6.767935717903143e-12,2.416945616485044e-11,-0.48035952895725254,0.0076279342665710225,0.02288335897577981,0.07269835658358435,0.02288335897577981,-0.023937388595121754,0.8522411973052131,2.3672344904101906e-10,7.0,Sd,104.9,33.79,2.0,0.04783732941416027,-1.0850052852618928,0.0,0.07197722991654149,-0.270568622395089,0.0,0.8736626686179778
UGC08490_rotmod,30,445.3905541125331,15.358294969397694,3.7509134280919647,4.757962757618243,3.7795633269373763,75.15666666666667,61.210077990267756,0.8144331129232415,9.400711334937362e-12,2.3808504394360324e-11,-1.2045973230037341,-0.020353182231856132,-0.06105111674542052,-0.009562274272404685,-0.06105111674542052,-0.024741714137842135,0.7836285395470549,2.1802984285694267e-10,9.0,Sm,78.6,124.98,1.0,-0.2407984865529306,0.22298353851284428,-0.6666666666666666,-0.36231136316412094,0.16108755799514635,-0.36363636363636365,0.9946368254352337
UGC07577_rotmod,9,124.33129551365447,15.541411939206808,4.187708721515762,4.6325436706955525,-3.4509670283983342,10.68888888888889,21.62845436891161,2.0234520719355973,2.2535734233384236e-12,1.4233582019264245e-11,0.14460717572550694,0.027065259111484934,0.08117595707508089,0.08944592822316194,0.08117595707508089,-0.0039739340067949025,0.9033970703443334,2.407213763043932e-10,10.0,Im,0.0,11.94,2.0,0.0,-2.1252760780236355,-1.0,0.0,-0.613873785874368,-0.5454545454545455,0.06699841149816577
UGC11557_rotmod,12,172.7235178961442,15.702137990558562,3.5809560658114457,4.983806191601441,-3.68156100035058,57.31666666666666,85.65221764082492,1.4943684380487046,2.0753602135540023e-11,4.1750700584552546e-11,-0.3931348661710318,0.009021753037161644,0.02706452483661599,0.07852229298063088,0.02706452483661599,-0.02472678212289987,0.8558120190013347,2.38106133777722e-10,8.0,Sdm,0.0,106.86,2.0,0.0,0.06634938054153391,-0.3333333333333333,0.0,0.10939590656848187,-0.18181818181818182,0.9921215524586713
DDO168_rotmod,10,148.48274562824503,16.49808284758278,2.370343079806724,6.357559759109914,-0.9414683830676038,41.46,42.63187483962597,1.0282651915008676,8.995118937835805e-12,2.149985062828598e-11,-0.6438781803478275,-0.0729707719254743,-0.2185245916487229,-0.17679119887181255,-0.2185245916487229,-0.020053969452308848,0.6694534488988859,1.844545372707248e-10,10.0,Im,53.4,18.23,2.0,-0.6273594400219421,-1.7021015972975195,-1.0,-0.9439405419945033,-0.47421977915151287,-0.5454545454545455,0.5286728330361306
D631-7_rotmod,16,248.95917245994806,16.59727816399654,2.786306525134389,5.696973925283645,-1.4138748719078067,43.038125,44.44301532995783,1.0326429260093888,5.177948505715505e-12,1.6427630793493356e-11,-1.2119133599675624,-0.06062149854941281,-0.18164204069700302,-0.13653952788978937,-0.18164204069700302,-0.021672918348461013,0.694605586142406,1.9203059218682212e-10,10.0,Im,57.7,20.93,1.0,-0.5499130124740373,-1.563986649530183,-1.0,-0.8274127301350844,-0.42863974840171437,-0.5454545454545455,0.6401397637750105
NGC6674_rotmod,15,235.94941344390338,16.853529531707384,3.5223067658099936,6.252025089169339,0.03967957421725193,249.93333333333334,242.35840998181695,0.9696922245204732,4.555827465439859e-11,5.3604285191022576e-11,-1.655280799400448,0.10437284504116048,0.3119864623480969,0.3635394657697961,0.3119864623480969,-0.024772545125195736,1.1379374923782692,3.166299327328172e-10,3.0,Sb,241.3,560.83,1.0,0.8808707866428948,1.724247643308615,1.3333333333333333,1.3253799890884512,0.6565275170025581,0.7272727272727273,0.9998667977050452
F561-1_rotmod,6,91.63029913981394,18.326059827962787,2.9582171995055653,5.847940904672187,-3.4115129634555514,43.25,61.28420333669854,1.4169757996924517,6.1852859471641295e-12,1.714456458766041e-11,-0.07130281717371106,-0.09248275438212301,-0.2766599495000142,-0.2305985880011714,-0.2766599495000142,-0.022133669825679905,0.6316442080753574,1.7479181436167443e-10,9.0,Sm,50.0,22.12,3.0,-0.6931471805599453,-1.5086880093339572,-0.6666666666666666,-1.0429264048004643,-0.410390357142399,-0.36363636363636365,0.6786024574345498
NGC0024_rotmod,29,521.9999711504141,18.64285611251479,3.3111738416254055,5.758844959122793,3.635513128989149,84.65862068965517,60.419452388114095,0.7136834015947655,2.6080713343319917e-11,4.3028360446622215e-11,-1.1132797892551352,-0.008301544981731161,-0.02490406285460306,0.026609747736033765,-0.02490406285460306,-0.024753711961041643,0.8124725754676367,2.2606079539464468e-10,5.0,Sc,106.3,151.65,1.0,0.06109509935981083,0.4164050481464987,0.6666666666666666,0.09192519873597635,0.22491959427572195,0.36363636363636365,0.9966661822105031
UGC06614_rotmod,13,226.37358412301415,18.864465343584513,2.076432222633952,7.425378365038887,-3.351471094544197,186.30769230769232,222.54125852688742,1.1944823950658696,6.799991019656589e-11,5.6090508472970015e-11,-3.1605398014942208,0.056236206764592206,0.16853099736442612,0.22008547338418938,0.16853099736442612,-0.02477325274647037,0.9858628233994976,2.743157170097402e-10,1.0,Sa,199.8,1461.61,1.0,0.6921466802263618,2.682123660869487,2.0,1.0414210272339524,0.9726411530766723,1.090909090909091,0.9999874163900498
UGC00191_rotmod,9,170.7115935333198,21.338949191664977,3.45104880683536,6.476397753579221,0.4325559571298743,58.977777777777774,54.77760915372711,0.9287838778891184,9.418503282676633e-12,2.9208443731255005e-11,-0.25893886904088326,0.018043506074323288,0.05412464459767809,0.10504579337971719,0.05412464459767809,-0.024468922706817754,0.8792865744497395,2.445060406907314e-10,9.0,Sm,0.0,50.21,1.0,0.0,-0.6889559759414773,-0.6666666666666666,0.0,-0.13986633427149892,-0.36363636363636365,0.9504233788452897
UGC05721_rotmod,23,475.0220924757508,21.59191329435231,4.188175036392539,6.4097650142010565,4.165365425826647,70.33478260869565,50.13977176028643,0.7128730608188094,1.8271353948367498e-11,3.116669954917884e-11,-0.9046738040835527,-0.03618059127684427,-0.10849443694963473,-0.056953849043025355,-0.10849443694963473,-0.024766579150618077,0.7473187390308161,2.0793808611630607e-10,7.0,Sd,79.7,233.79,1.0,-0.22690060019192196,0.8492530905354878,0.0,-0.3414002593418374,0.3677660232901641,0.0,0.9988509012084098
UGC11455_rotmod,36,773.2669708547272,22.093342024420778,3.5584799002593037,7.567479366371634,-4.018828376009916,228.2444444444444,255.24718104041142,1.118306216222229,8.409621268626423e-11,1.1364011103372317e-10,-0.8990481995419215,0.14900315135994827,0.4437304125419314,0.49528348813121614,0.4437304125419314,-0.02477257980357817,1.2981774987031611,3.6121657516922814e-10,6.0,Scd,269.4,571.26,1.0,0.9910270779881722,1.7426742615375637,0.3333333333333333,1.4911238716590696,0.6626085809211798,0.18181818181818182,0.9998727082507535
F574-2_rotmod,5,88.61203090316542,22.153007725791355,4.401828414589023,5.629011207753886,-3.8608866322093034,28.32,60.723027418487575,2.1441746969804933,2.858302985505481e-12,1.5992401976286785e-11,0.5049665388980099,0.018043506074323288,0.05412464459767809,0.0483765087018998,0.05412464459767809,0.0027621272556932947,0.8792865744497395,2.3103535025797225e-10,9.0,Sm,0.0,10.89,3.0,0.0,-2.2173252490432223,-0.6666666666666666,0.0,-0.644251410551416,-0.36363636363636365,-0.04624034341863355
UGC00731_rotmod,12,244.47080370453162,22.224618518593783,3.8295577229198594,6.63883893653481,2.419499350811528,61.783333333333324,55.66117441950393,0.9009092163933737,3.0282728482840716e-12,1.4431451776884457e-11,0.5572600577812549,-0.022463204656612695,-0.06737828142376309,-0.019456935140032813,-0.06737828142376309,-0.023027440391070634,0.7786860452070644,2.1588314941881324e-10,10.0,Im,73.3,25.63,1.0,-0.3106095770954856,-1.3614066456121117,-1.0,-0.46735085797376613,-0.36178526988839227,-0.5454545454545455,0.7648994999961161
NGC4068_rotmod,6,115.83773835957389,23.16754767191478,3.860798159231357,6.264115443297712,-3.988196878094079,24.763333333333335,34.67937655056499,1.400432489590725,6.861496691547969e-12,2.553738012686586e-11,0.2324941599727882,0.027065259111484934,0.08117595707508089,0.1304070580938989,0.08117595707508089,-0.023656811254538956,0.9033970703443334,2.50786324466231e-10,10.0,Im,0.0,30.26,2.0,0.0,-1.1953434776278813,-1.0,0.0,-0.3069819019294011,-0.5454545454545455,0.8374127585319303
UGC07603_rotmod,12,255.7030309606966,23.245730087336053,5.023963424826195,5.808488314033311,4.1206558546716625,52.71666666666667,40.807971246665566,0.7740999920328593,9.11580274636026e-12,2.1009392176944798e-11,-1.0064765386772214,-0.07725760670818553,-0.23131278802069513,-0.17994574683209488,-0.23131278802069513,-0.024683185485499415,0.6609468546602075,1.8387358339161412e-10,7.0,Sd,61.6,81.81,1.0,-0.4845083154486173,-0.20077070046248446,0.0,-0.7290032040793324,0.021242222243437064,0.0,0.9848429335706366
NGC1705_rotmod,14,325.7255426369777,25.055810972075207,4.043498716751479,6.652483906842707,4.459178164089767,69.64999999999999,47.980304279762166,0.6888773048063485,1.4910899955847157e-11,2.706113167768199e-11,-1.3963370311200218,-0.01651644998308508,-0.04954484486691386,0.0020044930253495657,-0.04954484486691386,-0.024770783743950628,0.7926972560802119,2.2056638482830827e-10,11.0,BCD,71.9,347.4,3.0,-0.32989392126109024,1.245306667818913,-1.3333333333333333,-0.49636655953562153,0.49846971990637845,-0.7272727272727273,0.9995666727240335
UGC08550_rotmod,11,252.75176967865528,25.275176967865526,4.985246213824494,6.203871716726961,4.60050848236121,49.78181818181818,40.00313143211246,0.8035691120402431,5.4803074800119825e-12,1.584922009212125e-11,-0.26602460957985047,-0.08991305124695839,-0.26901460746109557,-0.2182774759914347,-0.26901460746109557,-0.024380497651590262,0.6364918514261986,1.7695876609870552e-10,7.0,Sd,56.9,45.38,1.0,-0.5638748448558062,-0.7900987066363956,0.0,-0.8484200487230096,-0.17324497177392884,0.0,0.9368397437260165
NGC6503_rotmod,31,776.2208617764367,25.87402872588122,3.311242729034717,7.777941170672918,4.121123510923103,114.29032258064517,107.80518706257533,0.9432573522268798,2.1570803360835355e-11,3.34266068242656e-11,-1.5903309131503323,0.01505651402970796,0.04516612910773766,0.09672002371182112,0.04516612910773766,-0.024772973361270514,0.8714446504970987,2.4247879063252393e-10,6.0,Scd,116.3,774.16,1.0,0.15100287353652742,2.0466083845845957,0.3333333333333333,0.22720266117907115,0.7629114583311875,0.18181818181818182,0.9999397902138979
ESO116-G012_rotmod,15,365.9115697920491,26.13654069943208,3.44322313959294,8.23744811470998,3.9173675476929066,86.74666666666667,75.96873160473606,0.8757538995320019,1.4678162264863148e-11,3.5346327681662436e-11,-0.6731554942154029,0.013887746388880585,0.04166056085056891,0.09306926035532806,0.04166056085056891,-0.02470320337870428,0.8683950901364413,2.4159517187186326e-10,7.0,Sd,109.1,90.54,1.0,0.08709470685093373,-0.09937844398027873,0.0,0.13104485171506683,0.05470320704600563,0.0,0.9881730141654559
UGC04305_rotmod,22,566.2859441941,26.96599734257619,4.302467245594293,7.533462282995646,-4.036082391868114,30.085,43.12556502370244,1.4334573715706314,7.083493032736667e-12,1.5637597940245665e-11,-0.1160577186887992,-0.14262921589673944,-0.4250095457857651,-0.37367496886010565,-0.4250095457857651,-0.02466758557152199,0.5445592094588896,1.5148994493358223e-10,10.0,Im,34.5,76.71,3.0,-1.0642108619507773,-0.2651381080168866,-1.0,-1.6012380044701642,0.0,-0.5454545454545455,0.9822617790886962
NGC3726_rotmod,12,308.48403381603634,28.044003074185124,4.655656651292359,7.028754363245307,-4.389421339305072,151.83333333333334,175.1205072812496,1.1533732642014243,3.2311678772216835e-11,5.6210643720713306e-11,-1.9465204380918386,0.06468111510623369,0.1937731944653593,0.24530669684155051,0.1937731944653593,-0.024763174370869674,1.0110649069318691,2.8132228065172236e-10,5.0,Sc,168.0,198.08,2.0,0.5187937934151675,0.68350080350814,0.6666666666666666,0.7805899828694214,0.3130652507692722,0.36363636363636365,0.9982719638598769
UGC00891_rotmod,5,112.89837930138042,28.224594825345104,3.531273252287212,6.842272424986203,-3.6739166076813268,49.190000000000005,53.75606660556747,1.0928250987104586,4.150189972708866e-12,1.9375691690183666e-11,-0.7459831901797769,0.018043506074323288,0.05412464459767809,0.09717104229581312,0.05412464459767809,-0.020684902113876177,0.8792865744497395,2.425881777392778e-10,9.0,Sm,0.0,19.09,2.0,0.0,-1.6560055482504352,-0.6666666666666666,0.0,-0.45900738276014114,-0.36363636363636365,0.5683455068632259
ESO563-G021_rotmod,30,820.1684317786968,28.281670061334374,2.3888217199515385,8.424140273015377,2.0168768812174758,263.31,249.99364661748547,0.9494270882894135,5.711554245396682e-11,9.859102783659466e-11,-1.0156466528545123,0.1556919761618243,0.4633381932055767,0.514889682765057,0.4633381932055767,-0.024771817675432538,1.3238830693869033,3.683685399522269e-10,4.0,Sbc,314.6,429.37,1.0,1.1461318046360862,1.4571488320881154,1.0,1.7244982825594946,0.5683808520291657,0.5454545454545455,0.9997428264940847
NGC2841_rotmod,50,1394.7472517133667,28.4642296268034,4.6914106037415735,7.435213892130451,4.91420048655548,301.42,267.1194175514458,0.8862033625885667,1.1427935843269985e-10,9.091653188757059e-11,-1.4828308103767491,0.13080202047177242,0.39018335780506436,0.4417375799497273,0.39018335780506436,-0.024773130752949873,1.2304922616463272,3.423836190218346e-10,3.0,Sb,284.8,983.63,1.0,1.0466169935497294,2.2860796240921593,1.3333333333333333,1.574765834586685,0.8419406049723919,0.7272727272727273,0.999966619921297
NGC6946_rotmod,58,1665.815917444044,29.224840656913056,2.6565628690408865,9.200595368129587,-4.19475288163763,163.29310344827587,179.26783943052232,1.097828601728465,2.1796722438845885e-10,6.775976707960724e-11,-1.6299122575991531,0.06482295535386387,0.19419693604830632,0.24575001163759103,0.19419693604830632,-0.02477257980357817,1.0114934279606722,2.8144702262913036e-10,6.0,Scd,158.9,571.26,1.0,0.4631048875545789,1.7426742615375637,0.3333333333333333,0.6967990766876537,0.6626085809211798,0.18181818181818182,0.9998727082507535
NGC0055_rotmod,21,603.3049234990365,30.165246174951825,2.9791026421106688,5.234506967120906,-4.287746304752697,72.25238095238095,84.50093244056423,1.169524537831575,9.390923940062581e-12,2.6897421217841494e-11,-0.7399548848295566,-0.006749446058151733,-0.020248030708893548,0.030792101725086583,-0.020248030708893548,-0.024526097414230227,0.8162642942288029,2.2700824156059073e-10,9.0,Sm,85.6,54.55,2.0,-0.15548490284039498,-0.6060524737090116,-0.6666666666666666,-0.23394643340983576,-0.11250691921826866,-0.36363636363636365,0.959394943778361
UGC08837_rotmod,8,218.89619023297072,31.27088431899582,4.829064962990463,6.6546442547326965,-5.066509739730876,30.488749999999996,42.926088740257974,1.4079320647864533,4.827026837969942e-12,2.1334650109098377e-11,0.2568304456709182,0.027065259111484934,0.08117595707508089,0.1167526602438339,0.08117595707508089,-0.017095521621591277,0.9033970703443334,2.473852607966026e-10,10.0,Im,0.0,15.73,2.0,0.0,-1.8496004689179049,-1.0,0.0,-0.5228966473160152,-0.5454545454545455,0.38561136257659523
UGC03546_rotmod,30,950.4831058293652,32.77527951135742,1.7760554690574615,8.844270067744661,-3.7064447793617674,212.0,233.94000648613698,1.1034905966327215,8.749967613206988e-10,4.8367401774810136e-11,-2.1450875514847874,0.053904824196451775,0.16155802155994925,0.213112606072484,0.16155802155994925,-0.024773304880039693,0.9790123376782188,2.7240960317600894e-10,1.0,Sa,196.9,2403.42,1.0,0.6775257996569886,3.179477815998963,2.0,1.0194220884300533,1.136775579152912,1.090909090909091,0.9999963039373985
DDO170_rotmod,8,243.75334610892503,34.82190658698929,5.807892157802296,7.662277224268967,-4.683742861564128,52.25,57.931409089804006,1.1087351021972058,3.204805313331293e-12,1.3758719241342366e-11,-0.7154330319913408,-0.05438879209676888,-0.16300567673654726,-0.18768588419342336,-0.16300567673654726,0.011859474954805719,0.7076718846282432,1.8245587032387804e-10,10.0,Im,60.0,9.39,2.0,-0.5108256237659907,-2.3655248927679198,-1.0,-0.7686008775853995,-0.6931595441551737,-0.5454545454545455,-0.22489247337562002
F563-V1_rotmod,6,174.34883561584897,34.869767123169794,4.996145244671944,7.28244934672937,-5.055652158735929,24.61666666666667,49.89492746034631,2.026875861625442,2.631437188343297e-12,1.596436901963106e-11,0.008408030018230234,0.027065259111484934,0.08117595707508089,0.0605242215036714,0.08117595707508089,0.009923690520444348,0.9033970703443334,2.3385901716403907e-10,10.0,Im,0.0,9.75,3.0,0.0,-2.3279029009783354,-1.0,0.0,-0.6807437153809657,-0.5454545454545455,-0.18046780458668746
ESO444-G084_rotmod,7,215.63433876024305,35.93905646004051,2.4335670831500313,8.833940213477854,4.236780756403271,48.285714285714285,38.32877045918434,0.7937911041842911,6.146000543146057e-12,2.3747641664500647e-11,-0.9637313349439717,0.027065259111484934,0.08117595707508089,0.12512967855551155,0.08117595707508089,-0.021120894545902366,0.9033970703443334,2.4946631600540546e-10,10.0,Im,0.0,19.81,2.0,0.0,-1.6189833252776318,-1.0,0.0,-0.44678948680604835,-0.5454545454545455,0.5984147548537541
NGC4088_rotmod,12,396.9341555619556,36.084923232905055,6.270771346698645,7.855185896041653,-5.370685098148173,162.15833333333333,199.39852226061797,1.2296532540867544,7.261733763660036e-11,7.65206058487628e-11,-1.334396460383755,0.059133070504001246,0.17719272852057713,0.22874467916325905,0.17719272852057713,-0.024772039237779257,0.9944391916099746,2.767013873501483e-10,4.0,Sbc,171.7,457.96,1.0,0.5405785819153384,1.5216116580675203,1.0,0.8133679148686078,0.5896545638022737,0.5454545454545455,0.9997805819742762
NGC1090_rotmod,24,840.6828342879556,36.5514275777372,3.715555184031208,9.489141131627145,-4.542815771657453,149.9958333333333,163.1037189870975,1.0873883318120894,3.409191820436772e-11,5.384365187342977e-11,-1.1743147345994214,0.052205313200000665,0.15647381445156278,0.208019726012388,0.15647381445156278,-0.02476913730350035,0.9740474680992052,2.7102578055220423e-10,4.0,Sbc,164.4,283.68,1.0,0.4971322966339882,1.0426766563378065,1.0,0.7479975586423732,0.4315987381376324,0.5454545454545455,0.9992862796976222
UGCA442_rotmod,8,266.68621421378475,38.09803060196925,1.487314765784589,7.081164742319574,2.9869449309685447,44.7875,40.776043396629234,0.9104335673263574,4.2423938103389024e-12,1.4636487876337118e-11,-1.112774796230305,-0.07327693019470286,-0.21943817272907246,-0.25826001692383443,-0.21943817272907246,0.018654895414944195,0.6688421281818365,1.7002308205163262e-10,9.0,Sm,56.4,7.6,1.0,-0.5727010274840783,-2.577021938695806,-0.6666666666666666,-0.8617001415731024,-0.7629567819829277,-0.36363636363636365,-0.45365544907974936
PGC51017_rotmod,6,195.36973059678255,39.073946119356506,6.180288619485644,7.227792416748688,-4.764199770603304,19.166666666666668,27.505657175009095,1.4350777656526483,5.1946587840926485e-12,1.0174530641122475e-11,-0.718845944574065,-0.23211882697163633,-0.6841138963433404,-0.6513026015316344,-0.6841138963433404,-0.01576667172405638,0.4202594786717333,1.1476558078673895e-10,11.0,BCD,18.6,15.03,3.0,-1.6820086052689356,-1.8951219822232084,-1.3333333333333333,-2.5307917809309552,-0.5379194381853158,-0.7272727272727273,0.3368791776027733
NGC6015_rotmod,44,1691.123762878421,39.328459601823745,1.4390072653908317,12.733231093880452,3.237979839257295,143.21818181818182,136.06051367416768,0.9500226294375044,3.2110488354295787e-11,5.341711873089669e-11,-1.3266568110609593,0.059931918226115474,0.17958079795782905,0.2311294998682385,0.17958079795782905,-0.024770478138299534,0.9968168192907201,2.7736205802522684e-10,6.0,Scd,154.1,331.76,2.0,0.43243155633797864,1.1992416299500346,0.3333333333333333,0.6506472233061824,0.48326755767487906,0.18181818181818182,0.999514616567924
NGC4389_rotmod,6,203.2217109941987,40.64434219883974,6.058288410353379,6.620823241707275,-5.647502077004245,73.10000000000001,109.57724399958848,1.499004705876723,7.927849611531762e-11,6.239783791219654e-11,-0.707874621953675,-0.027065259111484934,-0.08117595707508089,-0.02964018874454348,-0.08117595707508089,-0.02476426322025898,0.768015769502431,2.1369591205681442e-10,4.0,Sbc,0.0,207.41,3.0,0.0,0.7295273246526959,1.0,0.0,0.3282547018966704,0.5454545454545455,0.9984570422988713
UGC05986_rotmod,15,601.0850508115782,42.9346464865413,5.68374322731381,9.53632688798313,5.315206286986231,96.74,81.10892756886079,0.8384218272571925,1.4159159753050544e-11,3.7198222951840427e-11,-0.9848492531019654,0.03753180276758585,0.11254256941812232,0.1638771463437818,0.11254256941812232,-0.02466758557152199,0.9321826693491164,2.5932221656495224e-10,9.0,Sm,113.0,76.71,2.0,0.12221763272424911,-0.2651381080168866,-0.6666666666666666,0.18389167535436762,0.0,-0.36363636363636365,0.9822617790886962
NGC0891_rotmod,18,730.4725322623319,42.968972486019524,6.147060794684702,8.050710604910982,-6.058385052496789,219.44444444444446,242.33500256878494,1.1043114041109188,2.821811802353243e-10,8.497069183874094e-11,-1.6537519064690476,0.08678492905423518,0.2597031188936694,0.3112576288398542,0.2597031188936694,-0.02477326904898919,1.0799708641461512,3.00501230969569e-10,3.0,Sb,216.1,1617.45,1.0,0.770571077524749,2.7834359280080996,1.3333333333333333,1.1594203165868673,1.0060757401808051,0.7272727272727273,0.9999901955707411
IC4202_rotmod,32,1371.6238993625357,44.24593223750115,2.2855893504985403,9.268770440626092,-3.623974481494856,219.71875,239.43883122025878,1.0897514719169792,1.1586049850390044e-10,9.61396840506359e-11,-1.295612505480753,0.11425135729676877,0.34127045236259956,0.3928211421120461,0.34127045236259956,-0.024771433346124083,1.1717535606935598,3.2603846449129285e-10,4.0,Sbc,242.6,391.59,1.0,0.8862438105218584,1.3650451880807166,1.0,1.3334643738109972,0.537985250438687,0.5454545454545455,0.9996773407035603
UGC06973_rotmod,9,382.03071437513046,47.75383929689131,3.817176918069851,9.83768591193133,-4.753092502127628,173.77777777777777,195.55769068187038,1.1253319796271315,2.6807323258989175e-10,7.440775083965833e-11,-1.7912196894276025,0.04339454367852719,0.13010197686382546,0.18165658610134705,0.13010197686382546,-0.02477331676103229,0.9486958007625781,2.639740512598069e-10,2.0,Sab,174.2,3317.65,3.0,0.555033878430311,3.5018417939662725,1.6666666666666667,0.8351177118056832,1.2431605886388457,0.9090909090909092,0.9999983293871342
NGC2998_rotmod,13,575.5079115828227,47.958992631901886,2.8790534953851403,11.052160521813324,-3.3981566810912125,187.07692307692307,183.04971833626036,0.978473000975076,5.875270707660006e-11,7.8422881994001e-11,-0.825906693648654,0.10018667420545646,0.2995584330672334,0.35111067111716016,0.2995584330672334,-0.02477217734435829,1.1238826895571814,3.1271895900814955e-10,5.0,Sc,209.9,479.55,1.0,0.7414610408384961,1.567677978185869,0.6666666666666666,1.1156206348507633,0.6048571491955758,0.36363636363636365,0.9998041174204221
UGC09037_rotmod,22,1009.0066538111475,48.04793589576893,6.347676144560111,9.176625233584161,-6.278372523787962,137.92727272727274,175.37735495008917,1.271520501219998,3.0592670805242456e-11,5.4379531640110775e-11,-1.1187065464393977,0.05805839642418041,0.17397975084980244,0.2255285857696876,0.17397975084980244,-0.02477054205277629,0.99124920810951,2.758129193102005e-10,6.0,Scd,152.3,334.83,2.0,0.42068207391302487,1.208452754347642,0.3333333333333333,0.6329686612238491,0.4863073686444377,0.18181818181818182,0.9995255032066737
F571-8_rotmod,13,579.2413469742426,48.27011224785355,6.555456592561416,9.541124856823735,0.8982740089989374,94.16153846153846,91.55568442123663,0.9723257066220704,4.040076147274376e-11,5.189058388415208e-11,-1.672740919134069,0.03526684847728523,0.10575670407880289,0.15731070660921753,0.10575670407880289,-0.02477302522265068,0.9258784173772204,2.5762497138563614e-10,5.0,Sc,139.7,825.71,1.0,0.3343270802748246,2.1110734362981303,0.6666666666666666,0.5030368003182036,0.7841859046303675,0.36363636363636365,0.9999486305990535
UGC04325_rotmod,8,344.9727737876092,49.28182482680131,5.376903852591582,9.13193445902197,6.217570041170829,81.05,62.06411081125357,0.7657509045188596,1.1653298155209137e-11,3.107966623151038e-11,-0.30349845280717996,0.0028298094285423916,0.008489405625091255,0.05898631698242637,0.008489405625091255,-0.02426506570432054,0.8400619413686741,2.3349964073835513e-10,9.0,Sm,90.9,41.0,1.0,-0.09541018480465818,-0.8915981192837836,-0.6666666666666666,-0.14355652567076194,-0.20674131973872562,-0.36363636363636365,0.9196197865637513
UGC06667_rotmod,9,423.05570200231125,52.881962750288906,6.366616710655701,8.361595169699383,6.637998474308496,67.86666666666667,45.981765749299285,0.677530929508339,2.833831688750129e-12,1.3258908663838612e-11,0.335476631561679,-0.0372035014032939,-0.11155903931721367,-0.07012093226062108,-0.11155903931721367,-0.01991207706300299,0.7450320100011512,2.052180945076729e-10,6.0,Scd,83.8,18.06,1.0,-0.17673717850005405,-1.7114706379992521,0.3333333333333333,-0.26592313340831436,-0.4773117049002049,0.18181818181818182,0.5203080001265477
UGC11914_rotmod,65,3601.779788568458,56.27780919638216,4.3784792177408995,12.823422734922765,5.89750270180798,279.5230769230769,246.91114435247098,0.8833300887726685,7.936042356155278e-10,8.873504056758906e-11,-1.6608350196526884,0.12361727071527859,0.3689742639108773,0.4205288494355896,0.3689742639108773,-0.024773305366417073,1.20466944299894,3.351985594339112e-10,2.0,Sab,288.1,2425.66,1.0,1.0581374561023915,3.1886887453017847,1.6666666666666667,1.5920998077004187,1.1398153257382277,0.9090909090909092,0.9999963868539729
DDO161_rotmod,31,1734.7395068588044,57.824650228626815,6.7086022429074275,11.184584422498625,-6.764333145016286,49.25483870967741,61.27871556927367,1.2441156478141884,5.493507148343923e-12,1.86140832805962e-11,-0.7925381734439418,-0.038467885530707215,-0.1153467663268043,-0.07042010151723829,-0.1153467663268043,-0.021588418859240805,0.7422153698333781,2.0515670874571886e-10,10.0,Im,66.3,20.74,1.0,-0.4109802887962747,-1.5731059831867102,-1.0,-0.6183711151964887,-0.43164926703240153,-0.5454545454545455,0.6334627814576975
UGC03580_rotmod,47,2790.0734784546307,60.65377127075284,4.346600478052863,13.783023102235893,-5.108986954465936,91.70212765957447,108.25375383671707,1.1804933713052672,1.4269262217891782e-10,4.7190956559229615e-11,-2.945644186997498,-0.01702553618455934,-0.05107167395268654,0.0004816595855418604,-0.05107167395268654,-0.02477270375468525,0.7914878663540662,2.2023075458113725e-10,1.0,Sa,126.2,614.94,2.0,0.23269776411902143,1.8163545160834353,2.0,0.3501228156792153,0.6869241841353314,1.090909090909091,0.9998938348578764
UGC06787_rotmod,71,4334.356084370125,61.919372633858934,1.2598747948087008,11.454740938975547,3.359808300500313,239.64788732394365,235.65840602902935,0.983352737470531,8.505562953557872e-10,7.065308337930748e-11,-2.089899312099687,0.09978251196027729,0.2983579871516666,0.3499125353988103,0.2983579871516666,-0.024773287453585792,1.1225343386460205,3.1234450362253804e-10,2.0,Sab,248.1,1891.6,2.0,0.9086617047096639,2.940008124781629,1.6666666666666667,1.3671948922985686,1.057746943471002,0.9090909090909092,0.9999933331210289
IC2574_rotmod,34,2138.052824221975,64.78947952187802,2.6709505462993155,11.164099966114174,-4.849911243391035,43.47647058823529,49.088181386677405,1.1290746632032418,2.463089652336662e-12,1.2370518262705347e-11,0.3203327199970995,-0.047249313446493496,-0.1416425504716608,-0.10555173358948453,-0.1416425504716608,-0.01734256649424557,0.7229526093282223,1.980743544926088e-10,9.0,Sm,66.4,15.88,2.0,-0.40947312950570314,-1.8401097301691016,-0.6666666666666666,-0.6161034060223598,-0.5197645593631783,-0.36363636363636365,0.39551737158041994
UGC07125_rotmod,13,786.5005266920184,65.5417105576682,7.225273910258805,10.895023644178826,-7.198219405151656,56.73846153846154,75.39717074595602,1.3288546904791596,4.767983199440471e-12,1.6805290653850996e-11,-0.6206324567832683,-0.050157400513941366,-0.15034614416859446,-0.10161933417253022,-0.15034614416859446,-0.0234144864375887,0.7166876270336752,1.988547954658304e-10,9.0,Sm,65.2,28.11,1.0,-0.4277107170554841,-1.269044801069651,-0.6666666666666666,-0.6435441316704991,-0.3313044581992386,-0.36363636363636365,0.8081508692017454
NGC7331_rotmod,36,2335.7653882282416,66.73615394937833,4.943020188753536,12.67135711700493,-6.983637908916988,241.86111111111111,268.89494511928166,1.1117742074530998,1.4187380627974774e-10,8.116627864529965e-11,-1.6786557868027536,0.102845670835711,0.30745377282575803,0.3590083603072433,0.30745377282575803,-0.024773306306696847,1.132791247006643,3.151984945627204e-10,3.0,Sb,239.0,2470.76,1.0,0.8712933659434193,3.207110888614054,1.3333333333333333,1.3109695648416175,1.1458949128663707,0.7272727272727273,0.9999965471508911
NGC6195_rotmod,23,1544.566244920158,70.20755658727991,6.9134031196317,11.258822094550103,-7.357573450378034,243.08695652173913,292.63347687536475,1.2038222085733123,2.1864931851680867e-10,1.0013276143780752e-10,-1.3714076939464324,0.1111013854613182,0.3319395118589947,0.38349315430300457,0.3319395118589947,-0.024772852191864533,1.1608708498573093,3.230113221920858e-10,3.0,Sb,251.7,686.8,1.0,0.9230677161531787,1.926872943035229,1.3333333333333333,1.3888705336972136,0.7233969438207493,0.7272727272727273,0.9999191360064418
UGC08286_rotmod,17,1231.8083251631465,76.98802032269666,8.123362284365168,10.975312516644395,8.114761873322173,72.7764705882353,55.486055995468085,0.7624175169115401,6.557098582045182e-12,2.0464066372301784e-11,-0.5012678734894445,-0.03988994235752605,-0.11960639427066715,-0.06921353356809129,-0.11960639427066715,-0.024215066686431218,0.739060532490549,2.054043936493286e-10,6.0,Scd,82.4,39.52,1.0,-0.19358474907266526,-0.9283633131084241,0.3333333333333333,-0.29127240510660113,-0.2188743921696137,0.18181818181818182,0.9123344289412116
NGC4217_rotmod,19,1389.1946656486293,77.17748142492385,6.889404393150932,11.84765256091745,-8.038025862459245,168.6157894736842,224.3547037970004,1.3305675850245053,2.2197340013867505e-10,7.5436412482974e-11,-1.5816121408074788,0.058786400495298825,0.17615632547795562,0.22770861709493295,0.17615632547795562,-0.024772203084704916,0.993409085700743,2.76414855996226e-10,3.0,Sb,181.3,483.98,1.0,0.5949829317727141,1.5768733975607006,1.3333333333333333,0.8952260462923315,0.6078917772690567,0.7272727272727273,0.9998085040746562
UGC02487_rotmod,17,1265.5917499994723,79.09948437496702,6.520651993633394,10.879796247453573,7.355785814228295,355.05882352941177,319.0025250435299,0.8984497888899947,5.5821878490393185e-11,7.44430715394913e-11,-3.947990878858253,0.12818893859571245,0.3824741175124111,0.43402810565265837,0.3824741175124111,-0.024773018307804835,1.2210425728851366,3.3975417016906724e-10,0.0,S0,332.0,818.14,1.0,1.199964782928397,2.101863285114566,2.3333333333333335,1.8054967141837082,0.7811464148362265,1.272727272727273,0.9999474518737079
NGC5985_rotmod,33,2731.1990082200055,85.34996900687517,7.986189015921973,11.667489302980812,8.464007927323273,285.45454545454544,236.16248211240892,0.8273207972090759,4.751332708411587e-11,8.735839860850748e-11,-1.0567506670946536,0.13565443519730228,0.4044852148693631,0.45603151299896844,0.4044852148693631,-0.024769323059749524,1.2482170325387272,3.4731277211611686e-10,3.0,Sb,293.6,288.95,1.0,1.0770481107522694,1.0610834767756956,1.3333333333333333,1.6205532467672672,0.43767326848447313,0.7272727272727273,0.9993179073584779
NGC5907_rotmod,19,1604.2160011119986,89.12311117288881,6.179741110060604,15.56243690444636,-6.1134897627299924,221.57894736842104,235.05527379677508,1.0608195254486288,2.7791092607564983e-11,5.872810714019583e-11,-1.4118329352143448,0.10401469521996212,0.31092359357930427,0.36247541982979886,0.31092359357930427,-0.024771979464131365,1.1367286566874342,3.1629320311807126e-10,5.0,Sc,215.0,449.6,1.0,0.7654678421395714,1.50318811259139,0.6666666666666666,1.1517418623099356,0.5835745139387576,0.36363636363636365,0.999770395952272
UGC02953_rotmod,115,11575.64417881976,101.54073841069966,3.93280219254303,15.42225074345805,6.336422909386181,273.8608695652174,254.3902104221664,0.9289030989569167,5.738187166698432e-10,7.199290221110568e-11,-1.663797628620508,0.11023012924576162,0.3293574944070955,0.38091198997566517,0.3293574944070955,-0.02477326214017505,1.1578773273903074,3.221786519815379e-10,2.0,Sab,264.9,1544.65,2.0,0.9741822102899325,2.7373824404634948,1.6666666666666667,1.4657786667724642,0.9908773897317672,0.9090909090909092,0.9999890177852204
CamB_rotmod,9,817.3271769365526,102.16589711706908,9.934948320858824,11.12235415124475,-9.296671334283765,10.876666666666665,24.821673668092316,2.2821030035022054,4.024419227941498e-12,1.9571608890662596e-11,-0.3687693072748392,0.027065259111484934,0.08117595707508089,0.04405617782740258,0.08117595707508089,0.017837009396495532,0.9033970703443334,2.3003935416669438e-10,10.0,Im,0.0,7.89,2.0,0.0,-2.5395740511303084,-1.0,0.0,-0.7505984102473374,-0.5454545454545455,-0.4162692330537653
UGC11820_rotmod,10,923.9586551046317,102.66207278940352,1.6760955658713521,16.599668712734577,-4.930665590178971,51.205000000000005,53.23606071648637,1.0396652810562712,4.929048108409137e-12,2.1031554152278134e-11,-0.23265402037678723,0.018043506074323288,0.05412464459767809,0.09848944003305779,0.05412464459767809,-0.021318426162352907,0.8792865744497395,2.429082163666358e-10,9.0,Sm,0.0,20.18,1.0,0.0,-1.6004781710626284,-0.6666666666666666,0.0,-0.44068250481905524,-0.36363636363636365,0.6128455220334711
UGC07399_rotmod,10,930.5345941008251,103.39273267786945,8.67266532041621,12.89618867792507,9.21966256332853,88.32000000000001,58.70066515625376,0.6646361543959891,1.0424691333100375e-11,2.969809658272122e-11,-0.6535086647955899,0.013735072180565397,0.041202625585520625,0.09267466243362002,0.041202625585520625,-0.024733638602490792,0.8679975124400449,2.414998577257667e-10,8.0,Sdm,103.0,113.98,1.0,0.02955880224154443,0.13085280841876226,-0.3333333333333333,0.04447490549853831,0.1306830175846205,-0.18181818181818182,0.9932750897096916
UGC02259_rotmod,8,759.3472862977336,108.47818375681909,8.660013681462694,13.159680104197024,9.155699036205363,79.8375,61.39874022794153,0.7690463783052015,7.0712711838222745e-12,2.298000964629029e-11,-0.5869078630616353,-0.014657417934766338,-0.04396910507667677,0.006840552334428651,-0.04396910507667677,-0.024415348233281613,0.7971294746786313,2.2163564035456695e-10,8.0,Sdm,86.2,47.08,2.0,-0.14850000831844395,-0.7533219035960154,-0.3333333333333333,-0.22343678822047783,-0.16110806812550096,-0.18181818181818182,0.9421518242510215
UGC02916_rotmod,43,4923.530133839859,117.22690794856808,5.019790923307968,15.013312375076923,-7.762930551408615,208.72093023255815,233.3463510477784,1.1179825175548157,3.0319182746653526e-10,6.895471103615768e-11,-1.9678398778615909,0.050991235720645976,0.15284126228444736,0.2043958478091597,0.15284126228444736,-0.024773305366417073,0.9705156085737758,2.700453936078974e-10,2.0,Sab,182.7,2425.66,2.0,0.6026752773958697,3.1886887453017847,1.6666666666666667,0.9068001399195456,1.1398153257382277,0.9090909090909092,0.9999963868539729
UGC02455_rotmod,8,889.0519872997086,127.00742675710123,10.874753970732726,12.575672257985985,-10.314742229578883,37.375,74.92066171566714,2.0045661997502915,3.640735893254068e-11,5.6610975128411615e-11,-0.691745767313347,0.027065259111484934,0.08117595707508089,0.13271913987154094,0.08117595707508089,-0.024767826061984136,0.9033970703443334,2.513668337910235e-10,10.0,Im,0.0,254.0,3.0,0.0,0.9321640810304452,-1.0,0.0,0.3951279095837645,-0.5454545454545455,0.9990630734275691
NGC2403_rotmod,73,9202.494648682487,127.81242567614565,2.956683900870325,13.631247489754875,5.975057890952225,107.99726027397259,101.05235786520238,0.9356937167558506,3.65501672733126e-11,5.271458849620336e-11,-0.9696643242414715,0.03427886801712294,0.10279634390594616,0.15434543613694746,0.10279634390594616,-0.024770665697390816,0.9231415368603231,2.568621751725384e-10,6.0,Scd,131.2,341.06,1.0,0.2715526905218972,1.226888228896677,0.3333333333333333,0.40858489969058254,0.4923913552832167,0.18181818181818182,0.999546564367524
UGC00128_rotmod,22,2685.4706074510486,127.87955273576422,8.577760702060907,17.545627619554864,0.7230296329067006,118.42727272727274,118.73191315032808,1.002572384012903,3.251737677995096e-12,1.8293018807330507e-11,-1.132809036902235,0.04999629977719435,0.1498640519086598,0.19441694265472634,0.1498640519086598,-0.021408810800735888,0.967630476387904,2.6736403698981076e-10,8.0,Sdm,129.3,20.36,1.0,0.25696509978972054,-1.5915979943057694,-0.3333333333333333,0.3866360495997268,-0.43775191159808746,-0.18181818181818182,0.619629229906761
UGC05716_rotmod,12,1416.5788280767458,128.77989346152233,4.697339182192751,19.318128658532473,6.950922047317786,64.44166666666668,59.14579664237465,0.9178191642422031,3.7019442708063e-12,1.5776913944825888e-11,-0.5546535341715827,-0.03192062924307813,-0.09572937620260588,-0.047148243058702445,-0.09572937620260588,-0.02334448496038415,0.756919454624035,2.0998707442643766e-10,9.0,Sm,73.1,27.59,2.0,-0.3133418192323586,-1.2877167977588968,-0.6666666666666666,-0.47146185712195765,-0.3374665007370937,-0.36363636363636365,0.8000236554982879
UGC06786_rotmod,45,6142.923874920365,139.6119062481901,4.886214205760279,21.183087382755453,8.008666755990731,212.37777777777777,187.02297992003867,0.880614638108375,3.03027561728137e-10,6.93779019641453e-11,-3.6977461596689194,0.06213626622985752,0.1861692657309541,0.23772349701522316,0.1861692657309541,-0.02477313514476589,1.0034059972384206,2.7919702588211607e-10,0.0,S0,219.4,992.73,1.0,0.7857263618530385,2.2952885377614076,2.3333333333333335,1.18222333251411,0.8449796863680107,1.272727272727273,0.9999673685890274
UGC09133_rotmod,68,9826.258921641394,146.6605809200208,1.2918417456845097,17.854734587587014,-6.432296086801949,264.1764705882353,275.2054041020284,1.0417483566543049,3.770221772026483e-10,6.053045854657013e-11,-1.8054084179292664,0.08546924021041633,0.2557851875749412,0.30733960616089623,0.2557851875749412,-0.024773225148047185,1.0757478905364317,2.9932616380467083e-10,2.0,Sab,226.8,1284.78,1.0,0.8188983858655058,2.553172590458089,1.6666666666666667,1.2321347809244312,0.9300853410549921,0.9090909090909092,0.9999827115657433
NGC0801_rotmod,13,1885.5053736023176,157.12544780019314,6.455753052623183,21.04456709448455,-6.92139042541801,207.46153846153845,231.7803107524355,1.1172206302490402,1.4373938241760167e-10,7.935955799464162e-11,-1.0807363301021236,0.10775296805219545,0.322013599765284,0.37356758790553124,0.322013599765284,-0.024773018307804835,1.149405145771738,3.198211103868434e-10,5.0,Sc,220.1,818.14,1.0,0.7889118025443247,2.101863285114566,0.6666666666666666,1.187016225424941,0.7811464148362265,0.36363636363636365,0.9999474518737079
DDO154_rotmod,12,1928.8294720380338,175.34813382163944,7.8209167323602635,21.24432542552623,9.09649014494977,38.18333333333333,35.464082498431004,0.928784351770345,3.0828457766816274e-12,1.1904802716142884e-11,-0.8830607277313999,-0.09332738640573368,-0.27917209971394286,-0.23501413700679008,-0.27917209971394286,-0.021219037712538323,0.63005941439626,1.7402171399875016e-10,10.0,Im,47.0,19.99,2.0,-0.7550225842780328,-1.6099380374757828,-1.0,-1.1360256687881671,-0.44380440443217256,-0.5454545454545455,0.6055182654081829
NGC5371_rotmod,19,4190.796731924918,232.82204066249545,14.526095125093434,21.757654809451395,-10.79319544400626,221.3684210526316,253.58225274299681,1.1455213509550497,8.965927258480462e-11,7.857315507217933e-11,-1.4553370691005278,0.0908607614425973,0.2718346359817859,0.32338763940348514,0.2718346359817859,-0.024772545125195736,1.0931523431445354,3.0416851118349313e-10,4.0,Sbc,209.5,560.83,1.0,0.7395535533741011,1.724247643308615,1.0,1.1127505819972896,0.6565275170025581,0.5454545454545455,0.9998667977050452
UGC05764_rotmod,10,2415.457357357022,268.3841508174469,8.18130688560694,28.876545478538258,11.379257205257852,45.769999999999996,38.21534666471703,0.8349431213615258,4.478239681680652e-12,2.066593047515645e-11,-0.12616390318494233,0.027065259111484934,0.08117595707508089,0.05565689200711567,0.08117595707508089,0.01226256762923897,0.9033970703443334,2.3272351394766676e-10,10.0,Im,0.0,9.31,2.0,0.0,-2.3740810946991155,-1.0,0.0,-0.6959832207624469,-0.5454545454545455,-0.23487369796962831
NGC5055_rotmod,28,15177.97270975006,562.1471373981503,10.427331471099347,36.38336322856813,-16.10493006346038,187.25,208.16693946445454,1.1117059517460857,1.2624084137780144e-10,6.178297779166658e-11,-1.501981954774331,0.06577233302827226,0.19703295947780763,0.24858741309370977,0.19703295947780763,-0.024773241980838422,1.014366118604714,2.822467348367197e-10,4.0,Sbc,179.0,1383.02,1.0,0.5822156198526637,2.6268546068880827,1.0,0.8760160327581384,0.9544015257176671,0.5454545454545455,0.9999855811207775
